,strike_price,option_type,entry_time,entry_price,exit_time,exit_price,exit_reason,expiry_date,m2m,trade_date,gross_pnl,expenses,interest,net_pnl
,14100,PE,2021-01-04 09:30:00,84.1,2021-01-04 11:01:00,158.8,Max SL,2021-01-07,-5602.5,2021-01-04,-5602.5,20.585775,32.87,-5655.955775
,13950,PE,2021-01-04 11:05:00,98.8,2021-01-04 12:10:00,54.55,Signal Change,2021-01-07,3318.75,2021-01-04,3318.75,12.9964125,0,3305.7535875
,14050,CE,2021-01-04 12:10:00,98.55,2021-01-04 15:15:00,131,EOD,2021-01-07,-2433.75,2021-01-04,-2433.75,19.4543625,0,-2453.2043625
,14100,PE,2021-01-05 09:50:00,90.9,2021-01-05 15:15:00,45.45,EOD,2021-01-07,3408.75,2021-01-05,3408.75,11.5556625,32.87,3364.3243375
,14200,PE,2021-01-06 09:30:00,74.15,2021-01-06 09:35:00,82,Signal Change,2021-01-07,-588.75,2021-01-06,-588.75,13.2337125,32.87,-634.8537125
,14200,CE,2021-01-06 09:35:00,62.85,2021-01-06 09:40:00,66.25,Signal Change,2021-01-07,-255,2021-01-06,-255,10.941225,0,-265.941225
,14200,PE,2021-01-06 09:40:00,77.1,2021-01-06 09:45:00,75.1,Signal Change,2021-01-07,150,2021-01-06,150,12.89895,0,137.10105
,14200,CE,2021-01-06 09:45:00,67,2021-01-06 14:30:00,34.45,Signal Change,2021-01-07,2441.25,2021-01-06,2441.25,8.5978875,0,2432.6521125
,14100,PE,2021-01-06 14:30:00,60.05,2021-01-06 15:15:00,34.05,EOD,2021-01-07,1950,2021-01-06,1950,7.974975,0,1942.025025
,14200,CE,2021-01-07 09:30:00,50,2021-01-07 09:35:00,47.35,Signal Change,2021-01-07,198.75,2021-01-07,198.75,8.2504125,32.87,157.6295875
,14200,PE,2021-01-07 09:35:00,29.55,2021-01-07 15:15:00,59.5,EOD,2021-01-07,-2246.25,2021-01-07,-2246.25,7.5469875,0,-2253.7969875
,14450,PE,2021-01-11 09:30:00,112.6,2021-01-11 15:15:00,93.4,EOD,2021-01-14,1440,2021-01-11,1440,17.4585,32.87,1389.6715
,14550,PE,2021-01-12 12:40:00,94.25,2021-01-12 15:15:00,69.4,EOD,2021-01-14,1863.75,2021-01-12,1863.75,13.8693375,32.87,1817.0106625
,14650,CE,2021-01-13 09:30:00,48.3,2021-01-13 14:15:00,13.05,Signal Change,2021-01-14,2643.75,2021-01-13,2643.75,5.1994125,32.87,2605.6805875
,14500,PE,2021-01-13 14:15:00,56.1,2021-01-13 15:00:00,25.3,Signal Change,2021-01-14,2310,2021-01-13,2310,6.89865,0,2303.10135
,14550,CE,2021-01-13 15:00:00,67.5,2021-01-13 15:05:00,73.7,Signal Change,2021-01-14,-465,2021-01-13,-465,11.9667,0,-476.9667
,14550,PE,2021-01-13 15:05:00,33.1,2021-01-13 15:15:00,33.2,EOD,2021-01-14,-7.50000000000011,2021-01-13,-7.50000000000011,5.618925,0,-13.1189250000001
,14500,PE,2021-01-14 09:50:00,57.65,2021-01-14 15:15:00,0.1,EOD,2021-01-14,4316.25,2021-01-14,4316.25,4.8943125,32.87,4278.4856875
,14500,CE,2021-01-15 10:40:00,146.5,2021-01-15 15:15:00,117.25,EOD,2021-01-21,2193.75,2021-01-15,2193.75,22.3528125,32.87,2138.5271875
,14350,CE,2021-01-18 09:30:00,161.75,2021-01-18 12:05:00,109.95,Signal Change,2021-01-21,3885,2021-01-18,3885,23.026575,32.87,3829.103425
,14300,PE,2021-01-18 12:05:00,143.85,2021-01-18 14:51:00,115.25,Trailing SL,2021-01-21,2145,2021-01-18,2145,21.958725,0,2123.041275
,14450,PE,2021-01-19 12:00:00,79.55,2021-01-19 15:15:00,38.15,EOD,2021-01-21,3105,2021-01-19,3105,9.975075,32.87,3062.154925
,14600,PE,2021-01-20 09:30:00,88.5,2021-01-20 15:15:00,28.05,EOD,2021-01-21,4533.75,2021-01-20,4533.75,9.8776125,32.87,4491.0023875
,14750,PE,2021-01-21 09:30:00,43.45,2021-01-21 10:45:00,42.3,Signal Change,2021-01-21,86.2500000000004,2021-01-21,86.2500000000004,7.2673125,32.87,46.1126875000004
,14750,CE,2021-01-21 10:45:00,14.65,2021-01-21 15:15:00,0.15,EOD,2021-01-21,1087.5,2021-01-21,1087.5,1.2543,0,1086.2457
,14550,CE,2021-01-22 09:30:00,138,2021-01-22 15:15:00,65.8,EOD,2021-01-28,5415,2021-01-22,5415,17.27205,32.87,5364.85795
,14250,CE,2021-01-25 14:30:00,125.1,2021-01-25 15:15:00,100,EOD,2021-01-28,1882.5,2021-01-25,1882.5,19.077225,32.87,1830.552775
,14150,CE,2021-01-27 09:30:00,110.75,2021-01-27 13:45:00,29.9,Target Hit,2021-01-28,6063.75,2021-01-27,6063.75,11.9200875,32.87,6018.9599125
,14050,CE,2021-01-27 13:50:00,73.1,2021-01-27 15:15:00,33.95,EOD,2021-01-28,2936.25,2021-01-27,2936.25,9.0724875,0,2927.1775125
,13850,CE,2021-01-28 09:30:00,48.3,2021-01-28 13:10:00,7.95,Signal Change,2021-01-28,3026.25,2021-01-28,3026.25,4.7671875,32.87,2988.6128125
,13750,PE,2021-01-28 13:10:00,46.5,2021-01-28 13:15:00,54,Signal Change,2021-01-28,-562.5,2021-01-28,-562.5,8.517375,0,-571.017375
,13750,CE,2021-01-28 13:15:00,33.45,2021-01-28 13:27:00,76.35,Max SL,2021-01-28,-3217.5,2021-01-28,-3217.5,9.30555,0,-3226.80555
,13850,CE,2021-01-28 13:30:00,25.4,2021-01-28 15:15:00,0.4,EOD,2021-01-28,1875,2021-01-28,1875,2.18655,0,1872.81345
,13650,PE,2021-01-29 15:15:00,214.05,2021-02-01 11:21:00,128.65,Target Hit,2021-02-04,6405,2021-02-01,6405,29.043825,32.87,6343.086175
,13850,PE,2021-02-01 11:45:00,193.55,2021-02-01 12:53:00,106.2,Target Hit,2021-02-04,6551.25,2021-02-01,6551.25,25.4038125,0,6525.8461875
,14100,PE,2021-02-01 13:05:00,165.6,2021-02-01 13:14:00,211.35,Max SL,2021-02-04,-3431.25,2021-02-01,-3431.25,31.9465125,0,-3463.1965125
,14050,PE,2021-02-01 13:15:00,178.35,2021-02-01 13:41:00,95,Target Hit,2021-02-04,6251.25,2021-02-01,6251.25,23.1664125,0,6228.0835875
,14200,PE,2021-02-01 13:45:00,145.95,2021-02-01 15:15:00,94.1,EOD,2021-02-04,3888.75,2021-02-01,3888.75,20.3442375,0,3868.4057625
,14650,PE,2021-02-02 09:30:00,130.45,2021-02-02 10:20:00,128.45,Trailing SL,2021-02-04,150,2021-02-02,150,21.941775,32.87,95.188225
,14600,PE,2021-02-02 10:25:00,108.5,2021-02-02 10:42:00,150.6,Max SL,2021-02-04,-3157.5,2021-02-02,-3157.5,21.958725,0,-3179.458725
,14500,PE,2021-02-02 10:45:00,106.05,2021-02-02 15:15:00,46.45,EOD,2021-02-04,4470,2021-02-02,4470,12.924375,0,4457.075625
,14750,PE,2021-02-03 10:10:00,98.25,2021-02-03 15:15:00,52.95,EOD,2021-02-04,3397.5,2021-02-03,3397.5,12.8142,32.87,3351.8158
,14750,PE,2021-02-04 09:30:00,57.1,2021-02-04 15:15:00,0.3,EOD,2021-02-04,4260,2021-02-04,4260,4.86465,32.87,4222.26535
,15000,PE,2021-02-05 09:30:00,193.35,2021-02-05 10:26:00,233.8,Max SL,2021-02-11,-3033.75,2021-02-05,-3033.75,36.2009625,32.87,-3102.8209625
,14900,PE,2021-02-05 10:30:00,168.25,2021-02-05 15:15:00,151,EOD,2021-02-11,1293.75,2021-02-05,1293.75,27.0564375,0,1266.6935625
,15100,PE,2021-02-08 09:35:00,150,2021-02-08 15:15:00,112.35,EOD,2021-02-11,2823.75,2021-02-08,2823.75,22.2341625,32.87,2768.6458375
,15200,CE,2021-02-09 11:00:00,97.75,2021-02-09 11:15:00,107.45,Signal Change,2021-02-11,-727.5,2021-02-09,-727.5,17.3907,32.87,-777.7607
,15200,PE,2021-02-09 11:15:00,94.55,2021-02-09 11:20:00,92.05,Signal Change,2021-02-11,187.5,2021-02-09,187.5,15.81435,0,171.68565
,15250,CE,2021-02-09 11:20:00,92.05,2021-02-09 15:15:00,41.1,EOD,2021-02-11,3821.25,2021-02-09,3821.25,11.2844625,0,3809.9655375
,15100,CE,2021-02-10 09:30:00,92.6,2021-02-10 11:35:00,67.85,Signal Change,2021-02-11,1856.25,2021-02-10,1856.25,13.5981375,32.87,1809.7818625
,15050,PE,2021-02-10 11:35:00,80.3,2021-02-10 11:40:00,75.2,Signal Change,2021-02-11,382.5,2021-02-10,382.5,13.178625,0,369.321375
,15100,CE,2021-02-10 11:40:00,72.4,2021-02-10 13:50:00,39.25,Signal Change,2021-02-11,2486.25,2021-02-10,2486.25,9.4623375,0,2476.7876625
,15000,PE,2021-02-10 13:50:00,87,2021-02-10 15:15:00,36.55,EOD,2021-02-11,3783.75,2021-02-10,3783.75,10.4708625,0,3773.2791375
,15150,PE,2021-02-11 14:55:00,7.25,2021-02-11 15:15:00,0.5,EOD,2021-02-11,506.25,2021-02-11,506.25,0.6568125,32.87,472.7231875
,15200,PE,2021-02-12 09:30:00,147.3,2021-02-12 09:45:00,136,Signal Change,2021-02-18,847.500000000001,2021-02-12,847.500000000001,24.009675,32.87,790.620325000001
,15200,CE,2021-02-12 09:45:00,127,2021-02-12 09:50:00,128.1,Signal Change,2021-02-18,-82.4999999999996,2021-02-12,-82.4999999999996,21.619725,0,-104.119725
,15200,PE,2021-02-12 09:50:00,133.6,2021-02-12 09:55:00,134.5,Signal Change,2021-02-18,-67.5000000000004,2021-02-12,-67.5000000000004,22.721475,0,-90.2214750000004
,15200,CE,2021-02-12 09:55:00,127.2,2021-02-12 10:05:00,120,Signal Change,2021-02-18,540,2021-02-12,540,20.9502,0,519.0498
,15200,PE,2021-02-12 10:05:00,142.8,2021-02-12 10:30:00,136.85,Signal Change,2021-02-18,446.250000000001,2021-02-12,446.250000000001,23.7003375,0,422.549662500001
,15200,CE,2021-02-12 10:30:00,121.2,2021-02-12 10:35:00,124.85,Signal Change,2021-02-18,-273.749999999999,2021-02-12,-273.749999999999,20.8527375,0,-294.602737499999
,15200,PE,2021-02-12 10:35:00,133.9,2021-02-12 10:40:00,128.85,Signal Change,2021-02-18,378.750000000001,2021-02-12,378.750000000001,22.2680625,0,356.481937500001
,15200,CE,2021-02-12 10:40:00,127.8,2021-02-12 10:45:00,131.35,Signal Change,2021-02-18,-266.25,2021-02-12,-266.25,21.9629625,0,-288.2129625
,15200,PE,2021-02-12 10:45:00,123.75,2021-02-12 10:50:00,120.75,Signal Change,2021-02-18,225,2021-02-12,225,20.721375,0,204.278625
,15200,CE,2021-02-12 10:50:00,133.7,2021-02-12 10:55:00,132.8,Signal Change,2021-02-18,67.4999999999983,2021-02-12,67.4999999999983,22.585875,0,44.9141249999983
,15200,PE,2021-02-12 10:55:00,121.8,2021-02-12 13:57:00,166.65,Max SL,2021-02-18,-3363.75,2021-02-12,-3363.75,24.4461375,0,-3388.1961375
,15100,PE,2021-02-12 14:05:00,145.85,2021-02-12 15:15:00,102.25,EOD,2021-02-18,3270,2021-02-12,3270,21.026475,0,3248.973525
,15300,PE,2021-02-15 09:30:00,102.3,2021-02-15 15:15:00,81.55,EOD,2021-02-18,1556.25,2021-02-15,1556.25,15.5812875,32.87,1507.7987125
,15400,CE,2021-02-16 09:30:00,101.5,2021-02-16 10:15:00,87.9,Signal Change,2021-02-18,1020,2021-02-16,1020,16.05165,32.87,971.07835
,15400,PE,2021-02-16 10:15:00,92.75,2021-02-16 11:15:00,93,Signal Change,2021-02-18,-18.75,2021-02-16,-18.75,15.7423125,0,-34.4923125
,15350,CE,2021-02-16 11:15:00,114,2021-02-16 15:15:00,70.7,EOD,2021-02-18,3247.5,2021-02-16,3247.5,15.653325,0,3231.846675
,15250,CE,2021-02-17 09:55:00,66.9,2021-02-17 11:11:00,109.2,Max SL,2021-02-18,-3172.5,2021-02-17,-3172.5,14.924475,32.87,-3220.294475
,15200,CE,2021-02-17 13:40:00,63.9,2021-02-17 15:15:00,68.25,EOD,2021-02-18,-326.25,2021-02-17,-326.25,11.1997125,0,-337.4497125
,15150,CE,2021-02-18 11:50:00,39.35,2021-02-18 15:15:00,0.15,EOD,2021-02-18,2940,2021-02-18,2940,3.347625,32.87,2903.782375
,15050,CE,2021-02-19 09:30:00,129,2021-02-19 10:16:00,169.65,Max SL,2021-02-25,-3048.75,2021-02-19,-3048.75,25.3105875,32.87,-3106.9305875
,14900,CE,2021-02-19 14:15:00,161.4,2021-02-19 15:15:00,191,EOD,2021-02-25,-2220,2021-02-19,-2220,29.8659,0,-2249.8659
,15000,CE,2021-02-22 09:30:00,119.1,2021-02-22 13:31:00,38.45,Target Hit,2021-02-25,6048.75,2021-02-22,6048.75,13.3523625,32.87,6002.5276375
,14750,CE,2021-02-22 13:35:00,121.65,2021-02-22 15:15:00,92.1,EOD,2021-02-25,2216.25,2021-02-22,2216.25,18.1153125,0,2198.1346875
,14750,CE,2021-02-23 09:30:00,114,2021-02-23 10:33:00,155.45,Max SL,2021-02-25,-3108.75,2021-02-23,-3108.75,22.8358875,32.87,-3164.4558875
,15150,PE,2021-02-25 09:30:00,45.5,2021-02-25 11:15:00,42.3,Signal Change,2021-02-25,240,2021-02-25,240,7.44105,32.87,199.68895
,15150,CE,2021-02-25 11:15:00,35.6,2021-02-25 15:15:00,0.3,EOD,2021-02-25,2647.5,2021-02-25,2647.5,3.042525,0,2644.457475
,14900,CE,2021-02-26 09:30:00,179.55,2021-02-26 12:16:00,97.9,Target Hit,2021-03-04,6123.75,2021-02-26,6123.75,23.5138875,32.87,6067.3661125
,14600,CE,2021-02-26 12:20:00,237.4,2021-02-26 15:15:00,185.05,EOD,2021-03-04,3926.25,2021-02-26,3926.25,35.8026375,0,3890.4473625
,14650,PE,2021-03-01 09:30:00,167,2021-03-01 11:46:00,142.2,Trailing SL,2021-03-04,1860,2021-03-01,1860,26.2047,32.87,1800.9253
,14850,PE,2021-03-02 09:45:00,109.05,2021-03-02 11:16:00,155.55,Max SL,2021-03-04,-3487.5,2021-03-02,-3487.5,22.42485,32.87,-3542.79485
,14800,PE,2021-03-02 11:25:00,130.6,2021-03-02 15:15:00,52.2,EOD,2021-03-04,5880,2021-03-02,5880,15.4923,0,5864.5077
,15050,PE,2021-03-03 09:30:00,84.25,2021-03-03 15:15:00,14.65,EOD,2021-03-04,5220,2021-03-03,5220,8.381775,32.87,5178.748225
,15050,PE,2021-03-04 09:30:00,58.45,2021-03-04 09:40:00,74.85,Signal Change,2021-03-04,-1230,2021-03-04,-1230,11.297175,32.87,-1274.167175
,15000,CE,2021-03-04 09:40:00,75.65,2021-03-04 09:45:00,64.45,Signal Change,2021-03-04,840,2021-03-04,840,11.873475,0,828.126525
,15000,PE,2021-03-04 09:45:00,63.5,2021-03-04 10:20:00,41.05,Signal Change,2021-03-04,1683.75,2021-03-04,1683.75,8.8606125,0,1674.8893875
,15050,CE,2021-03-04 10:20:00,51,2021-03-04 11:11:00,102.4,Max SL,2021-03-04,-3855,2021-03-04,-3855,13.00065,0,-3868.00065
,15150,CE,2021-03-04 11:15:00,37.7,2021-03-04 15:15:00,0.3,EOD,2021-03-04,2805,2021-03-04,2805,3.2205,0,2801.7795
,15000,CE,2021-03-05 09:30:00,204.1,2021-03-05 10:10:00,247.7,Max SL,2021-03-10,-3270,2021-03-05,-3270,38.29005,32.87,-3341.16005
,15050,CE,2021-03-05 10:15:00,209.7,2021-03-05 13:55:00,127.95,Target Hit,2021-03-10,6131.25,2021-03-05,6131.25,28.6158375,0,6102.6341625
,14900,CE,2021-03-05 14:05:00,191.4,2021-03-05 14:30:00,187.6,Signal Change,2021-03-10,285.000000000001,2021-03-05,285.000000000001,32.12025,0,252.879750000001
,14900,PE,2021-03-05 14:30:00,190.4,2021-03-05 14:40:00,186.55,Signal Change,2021-03-10,288.75,2021-03-05,288.75,31.9465125,0,256.8034875
,14900,CE,2021-03-05 14:40:00,188.3,2021-03-05 15:15:00,211,EOD,2021-03-10,-1702.5,2021-03-05,-1702.5,33.840675,0,-1736.340675
,15050,CE,2021-03-08 09:30:00,142.85,2021-03-08 09:55:00,159.45,Signal Change,2021-03-10,-1245,2021-03-08,-1245,25.619925,32.87,-1303.489925
,15100,PE,2021-03-08 09:55:00,157.45,2021-03-08 10:45:00,211.25,Max SL,2021-03-10,-4035,2021-03-08,-4035,31.247325,0,-4066.247325
,15000,PE,2021-03-08 10:50:00,147.2,2021-03-08 15:03:00,146.4,Trailing SL,2021-03-10,59.9999999999987,2021-03-08,59.9999999999987,24.8826,0,35.1173999999987
,15100,PE,2021-03-09 09:40:00,100.15,2021-03-09 09:50:00,120,Signal Change,2021-03-10,-1488.75,2021-03-09,-1488.75,18.6577125,32.87,-1540.2777125
,15050,CE,2021-03-09 09:50:00,108.15,2021-03-09 13:10:00,62.95,Signal Change,2021-03-10,3390,2021-03-09,3390,14.500725,0,3375.499275
,15000,PE,2021-03-09 13:10:00,90.95,2021-03-09 15:15:00,34.5,EOD,2021-03-10,4233.75,2021-03-09,4233.75,10.6318875,0,4223.1181125
,15200,PE,2021-03-10 09:30:00,57.45,2021-03-10 12:19:00,97.9,Max SL,2021-03-10,-3033.75,2021-03-10,-3033.75,13.1659125,32.87,-3079.7859125
,15300,CE,2021-03-12 09:45:00,159.2,2021-03-12 14:05:00,76.65,Target Hit,2021-03-18,6191.25,2021-03-12,6191.25,19.9882875,32.87,6138.3917125
,15050,CE,2021-03-12 14:10:00,170,2021-03-12 15:15:00,157.2,EOD,2021-03-18,960.000000000001,2021-03-12,960.000000000001,27.7302,0,932.269800000001
,14900,CE,2021-03-15 09:30:00,172.35,2021-03-15 11:55:00,106.15,Signal Change,2021-03-18,4965,2021-03-15,4965,23.602875,32.87,4908.527125
,14800,PE,2021-03-15 11:55:00,143.55,2021-03-15 15:06:00,61.95,Target Hit,2021-03-18,6120,2021-03-15,6120,17.416125,0,6102.583875
,14950,PE,2021-03-15 15:10:00,120.05,2021-03-15 15:15:00,133.25,EOD,2021-03-18,-990,2021-03-15,-990,21.467175,0,-1011.467175
,15000,PE,2021-03-16 09:30:00,132.35,2021-03-16 11:40:00,118.4,Signal Change,2021-03-18,1046.25,2021-03-16,1046.25,21.2510625,32.87,992.128937499999
,14950,CE,2021-03-16 11:40:00,129.2,2021-03-16 15:15:00,99.4,EOD,2021-03-18,2235,2021-03-16,2235,19.37385,0,2215.62615
,14850,CE,2021-03-17 10:30:00,108,2021-03-17 15:15:00,33.1,EOD,2021-03-18,5617.5,2021-03-17,5617.5,11.958225,32.87,5572.671775
,14850,CE,2021-03-18 09:30:00,44.45,2021-03-18 15:15:00,0.3,EOD,2021-03-18,3311.25,2021-03-18,3311.25,3.7925625,32.87,3274.5874375
,14350,CE,2021-03-19 09:30:00,236.2,2021-03-19 09:55:00,273.7,Signal Change,2021-03-25,-2812.5,2021-03-19,-2812.5,43.214025,32.87,-2888.584025
,14450,PE,2021-03-19 09:55:00,189.75,2021-03-19 10:00:00,188.65,Signal Change,2021-03-25,82.4999999999996,2021-03-19,82.4999999999996,32.0694,0,50.4305999999996
,14450,CE,2021-03-19 10:00:00,212.2,2021-03-19 10:05:00,214.8,Signal Change,2021-03-25,-195.000000000002,2021-03-19,-195.000000000002,36.18825,0,-231.188250000002
,14450,PE,2021-03-19 10:05:00,185.1,2021-03-19 11:46:00,169.25,Trailing SL,2021-03-25,1188.75,2021-03-19,1188.75,30.0311625,0,1158.7188375
,14750,PE,2021-03-19 15:10:00,157.1,2021-03-19 15:15:00,160,EOD,2021-03-25,-217.5,2021-03-19,-217.5,26.874225,0,-244.374225
,14800,PE,2021-03-23 09:35:00,119.2,2021-03-23 15:15:00,83.15,EOD,2021-03-25,2703.75,2021-03-23,2703.75,17.1491625,32.87,2653.7308375
,14750,CE,2021-03-24 09:45:00,86.6,2021-03-24 15:15:00,15.8,EOD,2021-03-25,5310,2021-03-24,5310,8.6784,32.87,5268.4516
,14450,CE,2021-03-25 09:30:00,63.65,2021-03-25 12:20:00,11.75,Signal Change,2021-03-25,3892.5,2021-03-25,3892.5,6.39015,32.87,3853.23985
,14300,PE,2021-03-25 12:20:00,46.65,2021-03-25 12:55:00,42.8,Signal Change,2021-03-25,288.75,2021-03-25,288.75,7.5808875,0,281.1691125
,14300,CE,2021-03-25 12:55:00,54.2,2021-03-25 13:00:00,49.75,Signal Change,2021-03-25,333.75,2021-03-25,333.75,8.8097625,0,324.9402375
,14300,PE,2021-03-25 13:00:00,43.15,2021-03-25 15:15:00,3.8,EOD,2021-03-25,2951.25,2021-03-25,2951.25,3.9790125,0,2947.2709875
,14450,PE,2021-03-26 09:30:00,165.7,2021-03-26 15:15:00,115.9,EOD,2021-04-01,3735,2021-03-26,3735,23.8656,32.87,3678.2644
,14700,PE,2021-03-30 09:35:00,113.85,2021-03-30 13:45:00,75.85,Signal Change,2021-04-01,2850,2021-03-30,2850,16.077075,32.87,2801.052925
,14800,CE,2021-03-30 13:45:00,107.65,2021-03-30 14:17:00,147.65,Max SL,2021-04-01,-3000,2021-03-30,-3000,21.636675,0,-3021.636675
,14850,CE,2021-03-30 14:20:00,120.95,2021-03-30 14:55:00,121.65,Signal Change,2021-04-01,-52.5000000000002,2021-03-30,-52.5000000000002,20.56035,0,-73.0603500000002
,14850,PE,2021-03-30 14:55:00,100.55,2021-03-30 15:15:00,108.25,EOD,2021-04-01,-577.5,2021-03-30,-577.5,17.6958,0,-595.1958
,14750,CE,2021-03-31 09:30:00,93.75,2021-03-31 15:15:00,53.4,EOD,2021-04-01,3026.25,2021-03-31,3026.25,12.4709625,32.87,2980.9090375
,14800,CE,2021-04-01 13:50:00,48.1,2021-04-01 15:15:00,69.35,EOD,2021-04-01,-1593.75,2021-04-01,-1593.75,9.9538875,32.87,-1636.5738875
,14750,CE,2021-04-05 09:30:00,160.55,2021-04-05 10:12:00,77.45,Target Hit,2021-04-08,6232.5,2021-04-05,6232.5,20.1705,32.87,6179.4595
,14550,CE,2021-04-05 10:15:00,162.35,2021-04-05 12:25:00,150.35,Signal Change,2021-04-08,900,2021-04-05,900,26.501325,0,873.498675
,14550,PE,2021-04-05 12:25:00,154.9,2021-04-05 15:15:00,93.55,EOD,2021-04-08,4601.25,2021-04-05,4601.25,21.0561375,0,4580.1938625
,14750,PE,2021-04-06 09:30:00,152.05,2021-04-06 12:35:00,137.6,Trailing SL,2021-04-08,1083.75,2021-04-06,1083.75,24.5478375,32.87,1026.3321625
,14650,PE,2021-04-06 13:05:00,106.05,2021-04-06 15:15:00,81.35,EOD,2021-04-08,1852.5,2021-04-06,1852.5,15.88215,0,1836.61785
,14850,PE,2021-04-07 11:40:00,81.95,2021-04-07 15:15:00,77.9,EOD,2021-04-08,303.75,2021-04-07,303.75,13.5472875,32.87,257.3327125
,14950,PE,2021-04-08 09:45:00,52.35,2021-04-08 11:30:00,43.2,Signal Change,2021-04-08,686.25,2021-04-08,686.25,8.0978625,32.87,645.2821375
,14950,CE,2021-04-08 11:30:00,33.35,2021-04-08 11:35:00,35.55,Signal Change,2021-04-08,-165,2021-04-08,-165,5.839275,0,-170.839275
,14950,PE,2021-04-08 11:35:00,38.95,2021-04-08 11:45:00,55.9,Signal Change,2021-04-08,-1271.25,2021-04-08,-1271.25,8.0385375,0,-1279.2885375
,14900,CE,2021-04-08 11:45:00,49.35,2021-04-08 15:15:00,0.35,EOD,2021-04-08,3675,2021-04-08,3675,4.212075,0,3670.787925
,14850,CE,2021-04-09 09:30:00,151.95,2021-04-09 15:15:00,126.05,EOD,2021-04-15,1942.5,2021-04-09,1942.5,23.5605,32.87,1886.0695
,14450,CE,2021-04-12 09:30:00,151.45,2021-04-12 14:32:00,68.9,Target Hit,2021-04-15,6191.25,2021-04-12,6191.25,18.6746625,32.87,6139.7053375
,14300,CE,2021-04-12 14:35:00,135,2021-04-12 14:40:00,135.4,Signal Change,2021-04-15,-30.0000000000004,2021-04-12,-30.0000000000004,22.9164,0,-52.9164000000004
,14300,PE,2021-04-12 14:40:00,141.75,2021-04-12 15:05:00,137,Signal Change,2021-04-15,356.25,2021-04-12,356.25,23.6240625,0,332.6259375
,14300,CE,2021-04-12 15:05:00,132.3,2021-04-12 15:15:00,144.5,EOD,2021-04-15,-914.999999999999,2021-04-12,-914.999999999999,23.4588,0,-938.458799999999
,14350,PE,2021-04-13 11:55:00,108.9,2021-04-13 15:15:00,36,EOD,2021-04-15,5467.5,2021-04-13,5467.5,12.280275,32.87,5422.349725
,14550,PE,2021-04-15 09:30:00,46.1,2021-04-15 09:38:00,99.35,Max SL,2021-04-15,-3993.75,2021-04-15,-3993.75,12.3268875,32.87,-4038.9468875
,14450,PE,2021-04-15 09:40:00,54.1,2021-04-15 11:10:00,97,Max SL,2021-04-15,-3217.5,2021-04-15,-3217.5,12.805725,0,-3230.305725
,14400,PE,2021-04-15 11:20:00,61.8,2021-04-15 15:15:00,0.2,EOD,2021-04-15,4620,2021-04-15,4620,5.2545,0,4614.7455
,14650,PE,2021-04-16 09:30:00,168.65,2021-04-16 15:15:00,152.2,EOD,2021-04-22,1233.75,2021-04-16,1233.75,27.1920375,32.87,1173.6879625
,14250,CE,2021-04-19 09:30:00,156.45,2021-04-19 11:30:00,154.2,Signal Change,2021-04-22,168.75,2021-04-19,168.75,26.3275875,32.87,109.5524125
,14250,PE,2021-04-19 11:30:00,129.2,2021-04-19 15:15:00,91.35,EOD,2021-04-22,2838.75,2021-04-19,2838.75,18.6916125,0,2820.0583875
,14500,PE,2021-04-20 09:30:00,96.2,2021-04-20 10:05:00,115.85,Signal Change,2021-04-22,-1473.75,2021-04-20,-1473.75,17.9712375,32.87,-1524.5912375
,14450,CE,2021-04-20 10:05:00,101.5,2021-04-20 14:55:00,20.35,Target Hit,2021-04-22,6086.25,2021-04-20,6086.25,10.3267875,0,6075.9232125
,14250,CE,2021-04-20 15:00:00,83.2,2021-04-20 15:12:00,123.45,Max SL,2021-04-22,-3018.75,2021-04-20,-3018.75,17.5135875,0,-3036.2635875
,14300,CE,2021-04-20 15:15:00,91.4,2021-04-22 09:30:00,19.1,Signal Change,2021-04-22,5422.5,2021-04-22,5422.5,9.364875,32.87,5380.265125
,14200,PE,2021-04-22 09:30:00,53.85,2021-04-22 09:40:00,55.2,Signal Change,2021-04-22,-101.25,2021-04-22,-101.25,9.2419875,0,-110.4919875
,14250,CE,2021-04-22 09:40:00,36.6,2021-04-22 09:45:00,51.8,Signal Change,2021-04-22,-1140,2021-04-22,-1140,7.4919,0,-1147.4919
,14250,PE,2021-04-22 09:45:00,64.6,2021-04-22 10:05:00,71.2,Signal Change,2021-04-22,-495.000000000001,2021-04-22,-495.000000000001,11.50905,0,-506.509050000001
,14250,CE,2021-04-22 10:05:00,47.65,2021-04-22 10:15:00,51.9,Signal Change,2021-04-22,-318.75,2021-04-22,-318.75,8.4368625,0,-327.1868625
,14250,PE,2021-04-22 10:15:00,68.65,2021-04-22 15:15:00,0.2,EOD,2021-04-22,5133.75,2021-04-22,5133.75,5.8350375,0,5127.9149625
,14350,PE,2021-04-23 09:30:00,183,2021-04-23 10:05:00,164.9,Signal Change,2021-04-29,1357.5,2021-04-23,1357.5,29.484525,32.87,1295.145475
,14350,CE,2021-04-23 10:05:00,183.25,2021-04-23 11:11:00,224.55,Max SL,2021-04-29,-3097.5,2021-04-23,-3097.5,34.56105,0,-3132.06105
,14300,PE,2021-04-23 14:50:00,167.45,2021-04-23 15:15:00,151,EOD,2021-04-29,1233.75,2021-04-23,1233.75,26.9886375,0,1206.7613625
,14500,PE,2021-04-26 09:30:00,154.2,2021-04-26 15:15:00,142.5,EOD,2021-04-29,877.499999999999,2021-04-26,877.499999999999,25.145325,32.87,819.484674999999
,14550,PE,2021-04-27 09:55:00,109.5,2021-04-27 15:15:00,63.85,EOD,2021-04-29,3423.75,2021-04-27,3423.75,14.6914125,32.87,3376.1885875
,14750,PE,2021-04-28 09:30:00,81.05,2021-04-28 15:15:00,34.8,EOD,2021-04-29,3468.75,2021-04-28,3468.75,9.8182875,32.87,3426.0617125
,15000,PE,2021-04-29 09:30:00,44.55,2021-04-29 09:56:00,99.7,Max SL,2021-04-29,-4136.25,2021-04-29,-4136.25,12.2251875,32.87,-4181.3451875
,14900,PE,2021-04-29 10:00:00,43.95,2021-04-29 10:50:00,89.4,Max SL,2021-04-29,-3408.75,2021-04-29,-3408.75,11.3014125,0,-3420.0514125
,14850,PE,2021-04-29 11:00:00,63.45,2021-04-29 11:15:00,62.3,Signal Change,2021-04-29,86.2500000000004,2021-04-29,86.2500000000004,10.6573125,0,75.5926875000004
,14850,CE,2021-04-29 11:15:00,49.4,2021-04-29 12:52:00,100.9,Max SL,2021-04-29,-3862.5,2021-04-29,-3862.5,12.737925,0,-3875.237925
,14800,CE,2021-04-30 09:30:00,182.5,2021-04-30 15:15:00,106.45,EOD,2021-05-06,5703.75,2021-04-30,5703.75,24.4885125,32.87,5646.3914875
,14550,CE,2021-05-03 09:30:00,137.65,2021-05-03 11:15:00,138.05,Signal Change,2021-05-06,-30.0000000000004,2021-05-03,-30.0000000000004,23.365575,32.87,-86.2355750000004
,14550,PE,2021-05-03 11:15:00,138.3,2021-05-03 11:25:00,136.45,Signal Change,2021-05-06,138.750000000002,2021-05-03,138.750000000002,23.2850625,0,115.464937500002
,14550,CE,2021-05-03 11:25:00,137.4,2021-05-03 11:30:00,140.1,Signal Change,2021-05-06,-202.499999999999,2021-05-03,-202.499999999999,23.518125,0,-226.018124999999
,14550,PE,2021-05-03 11:30:00,133.85,2021-05-03 15:15:00,98.85,EOD,2021-05-06,2625,2021-05-03,2625,19.721325,0,2605.278675
,14650,PE,2021-05-04 09:30:00,104.7,2021-05-04 13:15:00,154.05,Max SL,2021-05-06,-3701.25,2021-05-04,-3701.25,21.9290625,32.87,-3756.0490625
,14600,CE,2021-05-04 13:30:00,114.95,2021-05-04 15:15:00,66.75,EOD,2021-05-06,3615,2021-05-04,3615,15.399075,0,3599.600925
,14550,CE,2021-05-05 09:30:00,97,2021-05-05 15:15:00,120.75,EOD,2021-05-06,-1781.25,2021-05-05,-1781.25,18.4543125,32.87,-1832.5743125
,14700,PE,2021-05-06 09:45:00,60.65,2021-05-06 15:15:00,0.35,EOD,2021-05-06,4522.5,2021-05-06,4522.5,5.16975,32.87,4484.46025
,14850,PE,2021-05-07 09:30:00,131.7,2021-05-07 15:15:00,135.2,EOD,2021-05-12,-262.5,2021-05-07,-262.5,22.619775,32.87,-317.989775
,14900,PE,2021-05-10 09:40:00,91.55,2021-05-10 11:15:00,81.25,Signal Change,2021-05-12,772.5,2021-05-10,772.5,14.6448,32.87,724.9852
,14950,CE,2021-05-10 11:15:00,87.9,2021-05-10 11:25:00,95.35,Signal Change,2021-05-12,-558.749999999999,2021-05-10,-558.749999999999,15.5304375,0,-574.280437499999
,14950,PE,2021-05-10 11:25:00,96.3,2021-05-10 11:30:00,98.5,Signal Change,2021-05-12,-165,2021-05-10,-165,16.5093,0,-181.5093
,14950,CE,2021-05-10 11:30:00,94.35,2021-05-10 15:15:00,87.2,EOD,2021-05-12,536.249999999999,2021-05-10,536.249999999999,15.3863625,0,520.863637499999
,14800,CE,2021-05-11 09:30:00,89.9,2021-05-11 11:35:00,130.85,Max SL,2021-05-12,-3071.25,2021-05-11,-3071.25,18.7085625,32.87,-3122.8285625
,14900,CE,2021-05-11 11:40:00,66.85,2021-05-11 15:15:00,39.15,EOD,2021-05-12,2077.5,2021-05-11,2077.5,8.9835,0,2068.5165
,14750,CE,2021-05-12 09:30:00,56.7,2021-05-12 15:15:00,0.45,EOD,2021-05-12,4218.75,2021-05-12,4218.75,4.8434625,32.87,4181.0365375
,14650,CE,2021-05-14 09:30:00,145.6,2021-05-14 11:50:00,139.2,Signal Change,2021-05-20,480,2021-05-14,480,24.1368,32.87,422.9932
,14650,PE,2021-05-14 11:50:00,133.65,2021-05-14 15:15:00,110.8,EOD,2021-05-20,1713.75,2021-05-14,1713.75,20.7171375,0,1693.0328625
,14750,PE,2021-05-17 09:50:00,97.55,2021-05-17 15:15:00,41.25,EOD,2021-05-20,4222.5,2021-05-17,4222.5,11.7633,32.87,4177.8667
,15100,PE,2021-05-18 09:30:00,72.1,2021-05-18 15:15:00,71.85,EOD,2021-05-20,18.75,2021-05-18,18.75,12.1997625,32.87,-26.3197625
,14900,PE,2021-05-20 14:50:00,11.55,2021-05-20 15:15:00,1.35,EOD,2021-05-20,765,2021-05-20,765,1.093275,32.87,731.036725
,15050,PE,2021-05-21 09:30:00,134.75,2021-05-21 15:15:00,57.65,EOD,2021-05-27,5782.5,2021-05-21,5782.5,16.3059,32.87,5733.3241
,15200,PE,2021-05-24 09:30:00,99.4,2021-05-24 15:15:00,88.25,EOD,2021-05-27,836.250000000001,2021-05-24,836.250000000001,15.9033375,32.87,787.4766625
,15250,PE,2021-05-25 09:40:00,65.35,2021-05-25 09:45:00,68.25,Signal Change,2021-05-27,-217.5,2021-05-25,-217.5,11.3226,32.87,-261.6926
,15250,CE,2021-05-25 09:45:00,91.25,2021-05-25 13:55:00,59.1,Signal Change,2021-05-27,2411.25,2021-05-25,2411.25,12.7421625,0,2398.5078375
,15200,PE,2021-05-25 13:55:00,77.2,2021-05-25 15:15:00,69.25,EOD,2021-05-27,596.25,2021-05-25,596.25,12.4116375,0,583.8383625
,15300,PE,2021-05-26 10:40:00,69.9,2021-05-26 15:15:00,49.4,EOD,2021-05-27,1537.5,2021-05-26,1537.5,10.110675,32.87,1494.519325
,15350,PE,2021-05-27 11:45:00,34.7,2021-05-27 15:15:00,17.6,EOD,2021-05-27,1282.5,2021-05-27,1282.5,4.432425,32.87,1245.197575
,15450,PE,2021-05-28 09:30:00,124.55,2021-05-28 15:15:00,120,EOD,2021-06-03,341.25,2021-05-28,341.25,20.7256125,32.87,287.6543875
,15500,PE,2021-05-31 11:10:00,86.5,2021-05-31 15:15:00,67.35,EOD,2021-06-03,1436.25,2021-05-31,1436.25,13.0387875,32.87,1390.3412125
,15650,PE,2021-06-01 09:30:00,98.25,2021-06-01 10:22:00,149,Max SL,2021-06-03,-3806.25,2021-06-01,-3806.25,20.9544375,32.87,-3860.0744375
,15550,PE,2021-06-01 10:25:00,82.25,2021-06-01 15:15:00,58.35,EOD,2021-06-03,1792.5,2021-06-01,1792.5,11.91585,0,1780.58415
,15500,CE,2021-06-02 09:30:00,69.6,2021-06-02 11:00:00,58.35,Signal Change,2021-06-03,843.749999999999,2021-06-02,843.749999999999,10.8437625,32.87,800.036237499999
,15500,PE,2021-06-02 11:00:00,61.65,2021-06-02 15:15:00,20.7,EOD,2021-06-03,3071.25,2021-06-02,3071.25,6.9791625,0,3064.2708375
,15650,PE,2021-06-03 09:30:00,31.05,2021-06-03 15:15:00,0.3,EOD,2021-06-03,2306.25,2021-06-03,2306.25,2.6569125,32.87,2270.7230875
,15700,CE,2021-06-04 09:30:00,118.7,2021-06-04 09:40:00,121.65,Signal Change,2021-06-10,-221.25,2021-06-04,-221.25,20.3696625,32.87,-274.4896625
,15700,PE,2021-06-04 09:40:00,111.1,2021-06-04 15:15:00,110.1,EOD,2021-06-10,75,2021-06-04,75,18.7467,0,56.2533
,15700,PE,2021-06-07 09:45:00,83.75,2021-06-07 13:55:00,62.95,Signal Change,2021-06-10,1560,2021-06-07,1560,12.432825,32.87,1514.697175
,15750,CE,2021-06-07 13:55:00,88.15,2021-06-07 14:40:00,98.95,Signal Change,2021-06-10,-810,2021-06-07,-810,15.856725,0,-825.856725
,15750,PE,2021-06-07 14:40:00,72.85,2021-06-07 14:50:00,76.8,Signal Change,2021-06-10,-296.25,2021-06-07,-296.25,12.6828375,0,-308.9328375
,15750,CE,2021-06-07 14:50:00,94.45,2021-06-07 15:00:00,95.4,Signal Change,2021-06-10,-71.2500000000002,2021-06-07,-71.2500000000002,16.0897875,0,-87.3397875000002
,15750,PE,2021-06-07 15:00:00,75.05,2021-06-07 15:15:00,78.65,EOD,2021-06-10,-270.000000000001,2021-06-07,-270.000000000001,13.026075,0,-283.026075000001
,15750,PE,2021-06-08 09:30:00,82.2,2021-06-08 10:00:00,109.2,Signal Change,2021-06-10,-2025,2021-06-08,-2025,16.22115,32.87,-2074.09115
,15700,CE,2021-06-08 10:00:00,75.35,2021-06-08 10:05:00,76.85,Signal Change,2021-06-10,-112.5,2021-06-08,-112.5,12.89895,0,-125.39895
,15700,PE,2021-06-08 10:05:00,78.1,2021-06-08 10:15:00,79.55,Signal Change,2021-06-10,-108.75,2021-06-08,-108.75,13.3608375,0,-122.1108375
,15700,CE,2021-06-08 10:15:00,76,2021-06-08 15:15:00,93.8,EOD,2021-06-10,-1335,2021-06-08,-1335,14.39055,0,-1349.39055
,15800,CE,2021-06-09 10:10:00,39.55,2021-06-09 15:15:00,8.4,EOD,2021-06-10,2336.25,2021-06-09,2336.25,4.0637625,32.87,2299.3162375
,15700,PE,2021-06-10 09:30:00,55.35,2021-06-10 15:15:00,0.3,EOD,2021-06-10,4128.75,2021-06-10,4128.75,4.7163375,32.87,4091.1636625
,15800,PE,2021-06-11 09:40:00,91.65,2021-06-11 11:20:00,92.85,Signal Change,2021-06-17,-89.9999999999992,2021-06-11,-89.9999999999992,15.636375,32.87,-138.506374999999
,15800,CE,2021-06-11 11:20:00,103.45,2021-06-11 15:15:00,91,EOD,2021-06-17,933.75,2021-06-11,933.75,16.4796375,0,917.2703625
,15650,PE,2021-06-14 09:35:00,117.6,2021-06-14 13:23:00,36.5,Target Hit,2021-06-17,6082.5,2021-06-14,6082.5,13.059975,32.87,6036.570025
,15800,PE,2021-06-14 13:30:00,85.25,2021-06-14 15:15:00,70.25,EOD,2021-06-17,1125,2021-06-14,1125,13.178625,0,1111.821375
,15900,PE,2021-06-15 09:30:00,87.3,2021-06-15 11:45:00,82.65,Signal Change,2021-06-17,348.749999999999,2021-06-15,348.749999999999,14.4032625,32.87,301.476737499999
,15900,CE,2021-06-15 11:45:00,53.5,2021-06-15 15:15:00,47.5,EOD,2021-06-17,450,2021-06-15,450,8.55975,0,441.44025
,15850,CE,2021-06-16 09:30:00,62.75,2021-06-16 15:15:00,24.85,EOD,2021-06-17,2842.5,2021-06-16,2842.5,7.4241,32.87,2802.2059
,15700,CE,2021-06-17 09:30:00,41.1,2021-06-17 15:15:00,1.8,EOD,2021-06-17,2947.5,2021-06-17,2947.5,3.635775,32.87,2910.994225
,15600,CE,2021-06-18 10:10:00,131,2021-06-18 10:55:00,102,Signal Change,2021-06-24,2175,2021-06-18,2175,19.74675,32.87,2122.38325
,15500,PE,2021-06-18 10:55:00,119.85,2021-06-18 11:00:00,162.65,Max SL,2021-06-24,-3210,2021-06-18,-3210,23.941875,0,-3233.941875
,15500,PE,2021-06-18 11:05:00,142,2021-06-18 11:15:00,115.4,Signal Change,2021-06-24,1995,2021-06-18,1995,21.81465,0,1973.18535
,15550,CE,2021-06-18 11:15:00,130.3,2021-06-18 14:30:00,180,Max SL,2021-06-24,-3727.5,2021-06-18,-3727.5,26.297925,0,-3753.797925
,15650,PE,2021-06-18 14:40:00,100,2021-06-18 15:15:00,85.95,EOD,2021-06-24,1053.75,2021-06-18,1053.75,15.7592625,0,1037.9907375
,15550,PE,2021-06-21 09:30:00,108.3,2021-06-21 15:15:00,30.7,EOD,2021-06-24,5820,2021-06-21,5820,11.78025,32.87,5775.34975
,15850,PE,2021-06-22 09:30:00,74.35,2021-06-22 11:50:00,62.15,Signal Change,2021-06-24,915,2021-06-22,915,11.568375,32.87,870.561625
,15850,CE,2021-06-22 11:50:00,74.9,2021-06-22 15:15:00,36,EOD,2021-06-24,2917.5,2021-06-22,2917.5,9.398775,0,2908.101225
,15800,CE,2021-06-23 09:30:00,65.45,2021-06-23 14:10:00,51.25,Signal Change,2021-06-24,1065,2021-06-23,1065,9.890325,32.87,1022.239675
,15750,PE,2021-06-23 14:10:00,42.1,2021-06-23 14:39:00,83.3,Max SL,2021-06-24,-3090,2021-06-23,-3090,10.62765,0,-3100.62765
,15700,PE,2021-06-23 14:40:00,60.75,2021-06-23 15:15:00,57.4,EOD,2021-06-24,251.25,2021-06-23,251.25,10.0132125,0,241.2367875
,15750,PE,2021-06-24 09:30:00,51.4,2021-06-24 15:15:00,0.2,EOD,2021-06-24,3840,2021-06-24,3840,4.3731,32.87,3802.7569
,15850,PE,2021-06-25 14:15:00,93,2021-06-25 15:15:00,84.4,EOD,2021-07-01,645,2021-06-25,645,15.03465,32.87,597.09535
,15800,CE,2021-06-29 09:30:00,80.35,2021-06-29 12:15:00,47.85,Signal Change,2021-07-01,2437.5,2021-06-29,2437.5,10.86495,32.87,2393.76505
,15750,PE,2021-06-29 12:15:00,74.55,2021-06-29 15:15:00,61,EOD,2021-07-01,1016.25,2021-06-29,1016.25,11.4878625,0,1004.7621375
,15800,PE,2021-06-30 09:30:00,59.8,2021-06-30 10:40:00,39.95,Signal Change,2021-07-01,1488.75,2021-06-30,1488.75,8.4538125,32.87,1447.4261875
,15850,CE,2021-06-30 10:40:00,40.65,2021-06-30 15:15:00,8.1,EOD,2021-07-01,2441.25,2021-06-30,2441.25,4.1315625,0,2437.1184375
,15700,CE,2021-07-01 09:30:00,37.35,2021-07-01 15:00:00,2.55,Signal Change,2021-07-01,2610,2021-07-01,2610,3.381525,32.87,2573.748475
,15700,PE,2021-07-01 15:00:00,18.35,2021-07-01 15:05:00,26.35,Signal Change,2021-07-01,-600,2021-07-01,-600,3.788325,0,-603.788325
,15650,CE,2021-07-01 15:05:00,24.7,2021-07-01 15:15:00,26.45,EOD,2021-07-01,-131.25,2021-07-01,-131.25,4.3349625,0,-135.5849625
,15700,CE,2021-07-02 09:30:00,78.35,2021-07-02 15:15:00,86.75,EOD,2021-07-08,-630.000000000001,2021-07-02,-630.000000000001,13.992225,32.87,-676.862225
,15800,PE,2021-07-05 09:30:00,65.95,2021-07-05 15:15:00,44.3,EOD,2021-07-08,1623.75,2021-07-05,1623.75,9.3436875,32.87,1581.5363125
,15900,CE,2021-07-06 11:55:00,49.8,2021-07-06 15:15:00,16.95,EOD,2021-07-08,2463.75,2021-07-06,2463.75,5.6570625,32.87,2425.2229375
,15850,CE,2021-07-07 09:30:00,37.85,2021-07-07 10:50:00,27.65,Signal Change,2021-07-08,765,2021-07-07,765,5.551125,32.87,726.578875
,15800,PE,2021-07-07 10:50:00,45.3,2021-07-07 15:15:00,16.95,EOD,2021-07-08,2126.25,2021-07-07,2126.25,5.2756875,0,2120.9743125
,15800,CE,2021-07-08 11:55:00,34.3,2021-07-08 15:15:00,0.2,EOD,2021-07-08,2557.5,2021-07-08,2557.5,2.923875,32.87,2521.706125
,15650,CE,2021-07-09 09:30:00,109.25,2021-07-09 15:15:00,124.3,EOD,2021-07-15,-1128.75,2021-07-09,-1128.75,19.7933625,32.87,-1181.4133625
,15750,PE,2021-07-12 09:45:00,65.75,2021-07-12 10:15:00,55.6,Signal Change,2021-07-15,761.25,2021-07-12,761.25,10.2844125,32.87,718.0955875
,15800,CE,2021-07-12 10:15:00,59.5,2021-07-12 10:40:00,63.6,Signal Change,2021-07-15,-307.5,2021-07-12,-307.5,10.432725,0,-317.932725
,15800,PE,2021-07-12 10:40:00,72.65,2021-07-12 13:13:00,129.7,Max SL,2021-07-15,-4278.75,2021-07-12,-4278.75,17.1491625,0,-4295.8991625
,15700,PE,2021-07-12 13:25:00,91,2021-07-12 13:35:00,66.25,Signal Change,2021-07-15,1856.25,2021-07-12,1856.25,13.3269375,0,1842.9230625
,15700,CE,2021-07-12 13:35:00,81.6,2021-07-12 13:40:00,82.75,Signal Change,2021-07-15,-86.2500000000004,2021-07-12,-86.2500000000004,13.9286625,0,-100.1786625
,15700,PE,2021-07-12 13:40:00,65.75,2021-07-12 15:15:00,72.25,EOD,2021-07-15,-487.5,2021-07-12,-487.5,11.6955,0,-499.1955
,15750,PE,2021-07-13 09:30:00,50.1,2021-07-13 15:15:00,28.95,EOD,2021-07-15,1586.25,2021-07-13,1586.25,6.6994875,32.87,1546.6805125
,15750,PE,2021-07-14 10:00:00,41.2,2021-07-14 15:15:00,11,EOD,2021-07-15,2265,2021-07-14,2265,4.42395,32.87,2227.70605
,15900,PE,2021-07-15 09:55:00,35.35,2021-07-15 15:15:00,0.2,EOD,2021-07-15,2636.25,2021-07-15,2636.25,3.0128625,32.87,2600.3671375
,15950,CE,2021-07-16 09:45:00,85.45,2021-07-16 15:15:00,64.5,EOD,2021-07-22,1571.25,2021-07-16,1571.25,12.7082625,32.87,1525.6717375
,15800,CE,2021-07-19 09:30:00,85.3,2021-07-19 15:15:00,43.9,EOD,2021-07-22,3105,2021-07-19,3105,10.9497,32.87,3061.1803
,15700,CE,2021-07-20 09:30:00,59.35,2021-07-20 11:15:00,33.7,Signal Change,2021-07-22,1923.75,2021-07-20,1923.75,7.8859875,32.87,1882.9940125
,15600,PE,2021-07-20 11:15:00,67.3,2021-07-20 15:15:00,34.1,EOD,2021-07-22,2490,2021-07-20,2490,8.59365,0,2481.40635
,15750,PE,2021-07-22 09:30:00,29.4,2021-07-22 15:15:00,0.1,EOD,2021-07-22,2197.5,2021-07-22,2197.5,2.500125,32.87,2162.129875
,15800,PE,2021-07-23 09:30:00,61.5,2021-07-23 09:33:00,104.5,Max SL,2021-07-29,-3225,2021-07-23,-3225,14.0685,32.87,-3271.9385
,15800,PE,2021-07-23 09:35:00,99.45,2021-07-23 15:15:00,54.45,EOD,2021-07-29,3375,2021-07-23,3375,13.043025,0,3361.956975
,15850,CE,2021-07-26 09:30:00,79.05,2021-07-26 12:25:00,67.2,Signal Change,2021-07-29,888.75,2021-07-26,888.75,12.3946875,32.87,843.4853125
,15850,PE,2021-07-26 12:25:00,77.5,2021-07-26 15:15:00,82.75,EOD,2021-07-29,-393.75,2021-07-26,-393.75,13.5811875,0,-407.3311875
,15800,CE,2021-07-27 12:35:00,59.2,2021-07-27 15:15:00,33.8,EOD,2021-07-29,1905,2021-07-27,1905,7.88175,32.87,1864.24825
,15700,CE,2021-07-28 09:30:00,51.65,2021-07-28 11:15:00,24.65,Signal Change,2021-07-29,2025,2021-07-28,2025,6.466425,32.87,1985.663575
,15600,PE,2021-07-28 11:15:00,72.65,2021-07-28 15:15:00,13.65,EOD,2021-07-29,4425,2021-07-28,4425,7.313925,0,4417.686075
,15750,PE,2021-07-29 09:30:00,37.7,2021-07-29 15:15:00,0.25,EOD,2021-07-29,2808.75,2021-07-29,2808.75,3.2162625,32.87,2772.6637375
,15850,PE,2021-07-30 14:25:00,84.05,2021-07-30 15:01:00,133.45,Max SL,2021-08-05,-3705,2021-07-30,-3705,18.433125,32.87,-3756.303125
,15800,PE,2021-07-30 15:05:00,90.6,2021-07-30 15:15:00,108.85,EOD,2021-08-05,-1368.75,2021-07-30,-1368.75,16.9033875,0,-1385.6533875
,15850,PE,2021-08-02 09:30:00,67.8,2021-08-02 15:15:00,54.65,EOD,2021-08-05,986.25,2021-08-02,986.25,10.3776375,32.87,943.0023625
,15950,PE,2021-08-03 09:30:00,86.95,2021-08-03 15:15:00,26.1,EOD,2021-08-05,4563.75,2021-08-03,4563.75,9.5809875,32.87,4521.2990125
,16250,PE,2021-08-04 09:30:00,74.85,2021-08-04 15:15:00,40.35,EOD,2021-08-05,2587.5,2021-08-04,2587.5,9.7632,32.87,2544.8668
,16300,PE,2021-08-05 13:05:00,14.7,2021-08-05 13:40:00,12.2,Signal Change,2021-08-05,187.5,2021-08-05,187.5,2.279775,32.87,152.350225
,16350,CE,2021-08-05 13:40:00,10.8,2021-08-05 13:45:00,9.15,Signal Change,2021-08-05,123.75,2021-08-05,123.75,1.6907625,0,122.0592375
,16350,PE,2021-08-05 13:45:00,37.75,2021-08-05 15:15:00,57.25,EOD,2021-08-05,-1462.5,2021-08-05,-1462.5,8.05125,0,-1470.55125
,16250,CE,2021-08-06 15:15:00,76.55,2021-08-09 10:50:00,86.4,Signal Change,2021-08-12,-738.750000000001,2021-08-09,-738.750000000001,13.8100125,32.87,-785.430012500001
,16300,PE,2021-08-09 10:50:00,89.35,2021-08-09 13:36:00,130.6,Max SL,2021-08-12,-3093.75,2021-08-09,-3093.75,18.6407625,0,-3112.3907625
,16200,PE,2021-08-09 13:40:00,73.15,2021-08-09 15:15:00,46.55,EOD,2021-08-12,1995,2021-08-09,1995,10.144575,0,1984.855425
,16300,PE,2021-08-10 09:30:00,66,2021-08-10 09:55:00,61.6,Signal Change,2021-08-12,330,2021-08-10,330,10.8141,32.87,286.3159
,16300,CE,2021-08-10 09:55:00,71.7,2021-08-10 10:00:00,67.5,Signal Change,2021-08-12,315,2021-08-10,315,11.7972,0,303.2028
,16300,PE,2021-08-10 10:00:00,64.05,2021-08-10 11:45:00,48.65,Signal Change,2021-08-12,1155,2021-08-10,1155,9.551325,0,1145.448675
,16350,CE,2021-08-10 11:45:00,58.75,2021-08-10 15:15:00,28.1,EOD,2021-08-12,2298.75,2021-08-10,2298.75,7.3605375,0,2291.3894625
,16300,CE,2021-08-11 09:30:00,59.2,2021-08-11 13:55:00,32.3,Signal Change,2021-08-12,2017.5,2021-08-11,2017.5,7.754625,32.87,1976.875375
,16250,PE,2021-08-11 13:55:00,39.45,2021-08-11 15:15:00,29.4,EOD,2021-08-12,753.75,2021-08-11,753.75,5.8350375,0,747.9149625
,16300,PE,2021-08-12 09:30:00,34.35,2021-08-12 15:15:00,0.35,EOD,2021-08-12,2550,2021-08-12,2550,2.940825,32.87,2514.189175
,16450,PE,2021-08-13 09:30:00,100.5,2021-08-13 15:15:00,60.35,EOD,2021-08-18,3011.25,2021-08-13,3011.25,13.6320375,32.87,2964.7479625
,16500,PE,2021-08-16 09:30:00,72.9,2021-08-16 15:15:00,42.45,EOD,2021-08-18,2283.75,2021-08-16,2283.75,9.7759125,32.87,2241.1040875
,16500,PE,2021-08-17 12:40:00,48.05,2021-08-17 15:15:00,14.5,EOD,2021-08-18,2516.25,2021-08-17,2516.25,5.3011125,32.87,2478.0788875
,16700,PE,2021-08-18 09:30:00,42.6,2021-08-18 10:10:00,39,Signal Change,2021-08-18,270,2021-08-18,270,6.9156,32.87,230.2144
,16700,CE,2021-08-18 10:10:00,18.6,2021-08-18 10:40:00,21.65,Signal Change,2021-08-18,-228.75,2021-08-18,-228.75,3.4111875,0,-232.1611875
,16700,PE,2021-08-18 10:40:00,32.35,2021-08-18 11:00:00,40.7,Signal Change,2021-08-18,-626.25,2021-08-18,-626.25,6.1909875,0,-632.4409875
,16700,CE,2021-08-18 11:00:00,16.3,2021-08-18 15:15:00,0.15,EOD,2021-08-18,1211.25,2021-08-18,1211.25,1.3941375,0,1209.8558625
,16450,CE,2021-08-20 09:30:00,112.2,2021-08-20 11:30:00,95.25,Signal Change,2021-08-26,1271.25,2021-08-20,1271.25,17.5813875,32.87,1220.7986125
,16450,PE,2021-08-20 11:30:00,109.9,2021-08-20 15:15:00,95.8,EOD,2021-08-26,1057.5,2021-08-20,1057.5,17.433075,0,1040.066925
,16550,PE,2021-08-23 09:30:00,86.85,2021-08-23 10:30:00,130,Max SL,2021-08-26,-3236.25,2021-08-23,-3236.25,18.3780375,32.87,-3287.4980375
,16450,PE,2021-08-23 11:00:00,97.15,2021-08-23 15:15:00,59,EOD,2021-08-26,2861.25,2021-08-23,2861.25,13.2337125,0,2848.0162875
,16600,PE,2021-08-24 13:20:00,76.2,2021-08-24 15:15:00,47.95,EOD,2021-08-26,2118.75,2021-08-24,2118.75,10.5217125,32.87,2075.3582875
,16700,PE,2021-08-25 09:30:00,62.15,2021-08-25 14:55:00,85.1,Signal Change,2021-08-26,-1721.25,2021-08-25,-1721.25,12.4794375,32.87,-1766.5994375
,16650,CE,2021-08-25 14:55:00,34.2,2021-08-25 15:15:00,28.65,EOD,2021-08-26,416.25,2021-08-25,416.25,5.3265375,0,410.9234625
,16650,CE,2021-08-26 09:30:00,32.35,2021-08-26 15:15:00,0.25,EOD,2021-08-26,2407.5,2021-08-26,2407.5,2.76285,32.87,2371.86715
,16700,PE,2021-08-27 11:35:00,106.25,2021-08-27 15:15:00,92.05,EOD,2021-09-02,1065,2021-08-27,1065,16.805925,32.87,1015.324075
,16800,PE,2021-08-30 09:30:00,79.55,2021-08-30 15:15:00,37.6,EOD,2021-09-02,3146.25,2021-08-30,3146.25,9.9284625,32.87,3103.4515375
,16950,PE,2021-08-31 09:30:00,66.6,2021-08-31 15:15:00,27.65,EOD,2021-09-02,2921.25,2021-08-31,2921.25,7.9876875,32.87,2880.3923125
,17200,PE,2021-09-01 09:30:00,85.8,2021-09-01 11:05:00,120.35,Signal Change,2021-09-02,-2591.25,2021-09-01,-2591.25,17.4712125,32.87,-2641.5912125
,17100,CE,2021-09-01 11:05:00,71.25,2021-09-01 11:15:00,69.5,Signal Change,2021-09-02,131.25,2021-09-01,131.25,11.9285625,0,119.3214375
,17100,PE,2021-09-01 11:15:00,53.05,2021-09-01 11:40:00,59.55,Signal Change,2021-09-02,-487.5,2021-09-01,-487.5,9.54285,0,-497.04285
,17100,CE,2021-09-01 11:40:00,62.4,2021-09-01 15:15:00,30.65,EOD,2021-09-02,2381.25,2021-09-01,2381.25,7.8859875,0,2373.3640125
,17150,PE,2021-09-02 11:30:00,23.85,2021-09-02 15:15:00,0.15,EOD,2021-09-02,1777.5,2021-09-02,1777.5,2.034,32.87,1742.596
,17300,PE,2021-09-03 09:30:00,124.9,2021-09-03 15:15:00,93.6,EOD,2021-09-09,2347.5,2021-09-03,2347.5,18.517875,32.87,2296.112125
,17400,PE,2021-09-06 09:50:00,99.2,2021-09-06 15:15:00,96.45,EOD,2021-09-09,206.25,2021-09-06,206.25,16.5813375,32.87,156.7986625
,17400,PE,2021-09-07 12:35:00,72.8,2021-09-07 15:15:00,87.65,EOD,2021-09-09,-1113.75,2021-09-07,-1113.75,13.5981375,32.87,-1160.2181375
,17350,CE,2021-09-08 09:30:00,62.25,2021-09-08 12:40:00,36.95,Signal Change,2021-09-09,1897.5,2021-09-08,1897.5,8.4072,32.87,1856.2228
,17300,PE,2021-09-08 12:40:00,58,2021-09-08 13:00:00,62.3,Signal Change,2021-09-09,-322.5,2021-09-08,-322.5,10.195425,0,-332.695425
,17300,CE,2021-09-08 13:00:00,56.65,2021-09-08 13:55:00,47.35,Signal Change,2021-09-09,697.5,2021-09-08,697.5,8.814,0,688.686
,17300,PE,2021-09-08 13:55:00,59,2021-09-08 14:00:00,54.3,Signal Change,2021-09-09,352.5,2021-09-08,352.5,9.602175,0,342.897825
,17300,CE,2021-09-08 14:00:00,49.55,2021-09-08 15:15:00,77.85,EOD,2021-09-09,-2122.5,2021-09-08,-2122.5,10.79715,0,-2133.29715
,17300,PE,2021-09-13 10:05:00,98.9,2021-09-13 15:15:00,55.95,EOD,2021-09-16,3221.25,2021-09-13,3221.25,13.1235375,32.87,3175.2564625
,17450,PE,2021-09-14 09:30:00,89.7,2021-09-14 15:15:00,96.8,EOD,2021-09-16,-532.5,2021-09-14,-532.5,15.805875,32.87,-581.175875
,17450,PE,2021-09-15 09:40:00,73.35,2021-09-15 15:15:00,18.5,EOD,2021-09-16,4113.75,2021-09-15,4113.75,7.7842875,32.87,4073.0957125
,17550,PE,2021-09-16 09:30:00,27.75,2021-09-16 15:15:00,0.1,EOD,2021-09-16,2073.75,2021-09-16,2073.75,2.3602875,32.87,2038.5197125
,17750,PE,2021-09-17 09:30:00,120.4,2021-09-17 10:10:00,112.75,Signal Change,2021-09-23,573.750000000001,2021-09-17,573.750000000001,19.7594625,32.87,521.1205375
,17750,CE,2021-09-17 10:10:00,103.2,2021-09-17 10:30:00,120.9,Signal Change,2021-09-23,-1327.5,2021-09-17,-1327.5,18.992475,0,-1346.492475
,17750,PE,2021-09-17 10:30:00,99.65,2021-09-17 10:45:00,96.45,Signal Change,2021-09-23,240,2021-09-17,240,16.619475,0,223.380525
,17750,CE,2021-09-17 10:45:00,124.55,2021-09-17 14:32:00,43.65,Target Hit,2021-09-23,6067.5,2021-09-17,6067.5,14.25495,0,6053.24505
,17550,CE,2021-09-17 14:35:00,117.3,2021-09-17 15:15:00,129.25,EOD,2021-09-23,-896.25,2021-09-17,-896.25,20.8951125,0,-917.1451125
,17500,CE,2021-09-20 09:30:00,98.05,2021-09-20 10:20:00,143.3,Max SL,2021-09-23,-3393.75,2021-09-20,-3393.75,20.4544125,32.87,-3447.0744125
,17500,CE,2021-09-20 14:25:00,91.6,2021-09-20 15:15:00,73.6,EOD,2021-09-23,1350,2021-09-20,1350,14.0007,0,1335.9993
,17450,CE,2021-09-21 09:30:00,108.8,2021-09-21 13:12:00,104.55,Trailing SL,2021-09-23,318.75,2021-09-21,318.75,18.0814125,32.87,267.7985875
,17500,PE,2021-09-21 13:45:00,86.5,2021-09-21 15:15:00,58.05,EOD,2021-09-23,2133.75,2021-09-21,2133.75,12.2506125,0,2121.4993875
,17550,PE,2021-09-22 09:30:00,74.3,2021-09-22 15:15:00,59.1,EOD,2021-09-23,1140,2021-09-22,1140,11.30565,32.87,1095.82435
,17700,PE,2021-09-23 09:40:00,44.45,2021-09-23 15:15:00,0.15,EOD,2021-09-23,3322.5,2021-09-23,3322.5,3.77985,32.87,3285.85015
,17900,PE,2021-09-24 09:30:00,131.55,2021-09-24 15:15:00,135.95,EOD,2021-09-30,-329.999999999998,2021-09-24,-329.999999999998,22.670625,32.87,-385.540624999998
,17850,CE,2021-09-27 14:55:00,94.65,2021-09-27 15:15:00,102.9,EOD,2021-09-30,-618.75,2021-09-27,-618.75,16.7423625,32.87,-668.3623625
,17750,CE,2021-09-28 12:10:00,87.6,2021-09-28 15:02:00,80.55,Trailing SL,2021-09-30,528.75,2021-09-28,528.75,14.2507125,32.87,481.6292875
,17750,CE,2021-09-28 15:05:00,83.6,2021-09-28 15:15:00,96.75,EOD,2021-09-30,-986.250000000001,2021-09-28,-986.250000000001,15.2846625,0,-1001.5346625
,17600,PE,2021-09-29 09:30:00,70.2,2021-09-29 14:40:00,13.85,Signal Change,2021-09-30,4226.25,2021-09-29,4226.25,7.1232375,32.87,4186.2567625
,17750,CE,2021-09-29 14:40:00,80.45,2021-09-29 14:45:00,83.6,Signal Change,2021-09-30,-236.249999999999,2021-09-29,-236.249999999999,13.9032375,0,-250.153237499999
,17800,PE,2021-09-29 14:45:00,68.35,2021-09-29 15:03:00,111.35,Max SL,2021-09-30,-3225,2021-09-29,-3225,15.229575,0,-3240.229575
,17700,PE,2021-09-29 15:05:00,57.1,2021-09-29 15:15:00,65.35,EOD,2021-09-30,-618.749999999999,2021-09-29,-618.749999999999,10.3776375,0,-629.127637499999
,17650,CE,2021-09-30 13:10:00,36.4,2021-09-30 15:15:00,0.35,EOD,2021-09-30,2703.75,2021-09-30,2703.75,3.1145625,32.87,2667.7654375
,17500,CE,2021-10-01 09:30:00,151.7,2021-10-01 11:20:00,151.9,Signal Change,2021-10-07,-15.0000000000013,2021-10-01,-15.0000000000013,25.7301,32.87,-73.6001000000013
,17550,PE,2021-10-01 11:20:00,159.45,2021-10-01 11:25:00,162.7,Signal Change,2021-10-07,-243.75,2021-10-01,-243.75,27.3022125,0,-271.0522125
,17500,CE,2021-10-01 11:25:00,150.65,2021-10-01 11:30:00,146.4,Signal Change,2021-10-07,318.75,2021-10-01,318.75,25.1749875,0,293.5750125
,17500,PE,2021-10-01 11:30:00,142.55,2021-10-01 15:15:00,116.1,EOD,2021-10-07,1983.75,2021-10-01,1983.75,21.9205875,0,1961.8294125
,17600,PE,2021-10-04 09:30:00,110.8,2021-10-04 15:15:00,51.95,EOD,2021-10-07,4413.75,2021-10-04,4413.75,13.7930625,32.87,4367.0869375
,17750,PE,2021-10-05 13:15:00,74.3,2021-10-05 15:15:00,41.4,EOD,2021-10-07,2467.5,2021-10-05,2467.5,9.805575,32.87,2424.824425
,17850,PE,2021-10-06 09:30:00,60.25,2021-10-06 10:00:00,63.9,Signal Change,2021-10-07,-273.75,2021-10-06,-273.75,10.5217125,32.87,-317.1417125
,17850,CE,2021-10-06 10:00:00,69.15,2021-10-06 13:50:00,25.8,Signal Change,2021-10-07,3251.25,2021-10-06,3251.25,8.0470125,0,3243.2029875
,17750,PE,2021-10-06 13:50:00,71.55,2021-10-06 14:36:00,113.35,Max SL,2021-10-07,-3135,2021-10-06,-3135,15.670275,0,-3150.670275
,17700,PE,2021-10-06 14:40:00,75.15,2021-10-06 14:45:00,82.25,Signal Change,2021-10-07,-532.5,2021-10-06,-532.5,13.33965,0,-545.83965
,17650,CE,2021-10-06 14:45:00,75.5,2021-10-06 14:50:00,63.65,Signal Change,2021-10-07,888.75,2021-10-06,888.75,11.7929625,0,876.9570375
,17650,PE,2021-10-06 14:50:00,68.2,2021-10-06 14:55:00,66.8,Signal Change,2021-10-07,105,2021-10-06,105,11.44125,0,93.5587500000004
,17650,CE,2021-10-06 14:55:00,63.55,2021-10-06 15:10:00,70.9,Signal Change,2021-10-07,-551.250000000001,2021-10-06,-551.250000000001,11.3946375,0,-562.644637500001
,17650,PE,2021-10-06 15:10:00,54.6,2021-10-06 15:15:00,62.7,EOD,2021-10-07,-607.5,2021-10-06,-607.5,9.941175,0,-617.441175
,17800,PE,2021-10-07 09:30:00,35.3,2021-10-07 15:15:00,7.9,EOD,2021-10-07,2055,2021-10-07,2055,3.6612,32.87,2018.4688
,17850,PE,2021-10-08 09:30:00,118.25,2021-10-08 15:15:00,88.9,EOD,2021-10-14,2201.25,2021-10-08,2201.25,17.5559625,32.87,2150.8240375
,18000,PE,2021-10-11 11:20:00,92.25,2021-10-11 13:00:00,84.25,Signal Change,2021-10-14,600,2021-10-11,600,14.958375,32.87,552.171625
,18050,CE,2021-10-11 13:00:00,85.35,2021-10-11 15:15:00,54.7,EOD,2021-10-14,2298.75,2021-10-11,2298.75,11.8692375,0,2286.8807625
,17950,CE,2021-10-12 09:30:00,98.2,2021-10-12 11:00:00,74.05,Signal Change,2021-10-14,1811.25,2021-10-12,1811.25,14.5981875,32.87,1763.7818125
,17900,PE,2021-10-12 11:00:00,85.2,2021-10-12 15:15:00,44.75,EOD,2021-10-14,3033.75,2021-10-12,3033.75,11.0132625,0,3022.7367375
,18100,PE,2021-10-13 09:30:00,80.65,2021-10-13 15:15:00,32.55,EOD,2021-10-14,3607.5,2021-10-13,3607.5,9.5937,32.87,3565.0363
,18300,PE,2021-10-14 09:30:00,57.8,2021-10-14 15:15:00,0.15,EOD,2021-10-14,4323.75,2021-10-14,4323.75,4.9112625,32.87,4285.9687375
,18500,PE,2021-10-18 09:30:00,109.5,2021-10-18 12:05:00,107.85,Signal Change,2021-10-21,123.75,2021-10-18,123.75,18.4204125,32.87,72.4595875000004
,18500,CE,2021-10-18 12:05:00,104.1,2021-10-18 12:10:00,106.9,Signal Change,2021-10-21,-210.000000000001,2021-10-18,-210.000000000001,17.88225,0,-227.882250000001
,18500,PE,2021-10-18 12:10:00,105.9,2021-10-18 15:15:00,105.8,EOD,2021-10-21,7.50000000000064,2021-10-18,7.50000000000064,17.941575,0,-10.4415749999994
,18600,PE,2021-10-19 09:30:00,104.2,2021-10-19 10:05:00,151.75,Max SL,2021-10-21,-3566.25,2021-10-19,-3566.25,21.6917625,32.87,-3620.8117625
,18450,PE,2021-10-19 10:10:00,121.8,2021-10-19 10:25:00,84.45,Signal Change,2021-10-21,2801.25,2021-10-19,2801.25,17.4796875,0,2783.7703125
,18500,CE,2021-10-19 10:25:00,94.55,2021-10-19 12:20:00,135,Max SL,2021-10-21,-3033.75,2021-10-19,-3033.75,19.4543625,0,-3053.2043625
,18500,CE,2021-10-19 14:35:00,97.45,2021-10-19 15:15:00,62.5,EOD,2021-10-21,2621.25,2021-10-19,2621.25,13.5557625,0,2607.6942375
,18350,CE,2021-10-20 09:30:00,116.75,2021-10-20 15:15:00,41.8,EOD,2021-10-21,5621.25,2021-10-20,5621.25,13.4371125,32.87,5574.9428875
,18300,CE,2021-10-21 09:30:00,54.4,2021-10-21 11:25:00,9,Signal Change,2021-10-21,3405,2021-10-21,3405,5.37315,32.87,3366.75685
,18150,PE,2021-10-21 11:25:00,50.15,2021-10-21 11:30:00,43.45,Signal Change,2021-10-21,502.5,2021-10-21,502.5,7.9326,0,494.5674
,18150,CE,2021-10-21 11:30:00,58.6,2021-10-21 11:40:00,67.05,Signal Change,2021-10-21,-633.75,2021-10-21,-633.75,10.6488375,0,-644.3988375
,18200,PE,2021-10-21 11:40:00,53.4,2021-10-21 11:45:00,56.05,Signal Change,2021-10-21,-198.75,2021-10-21,-198.75,9.2758875,0,-208.0258875
,18200,CE,2021-10-21 11:45:00,35.05,2021-10-21 12:35:00,15.55,Signal Change,2021-10-21,1462.5,2021-10-21,1462.5,4.28835,0,1458.21165
,18100,PE,2021-10-21 12:35:00,22.5,2021-10-21 12:40:00,22.5,Signal Change,2021-10-21,0,2021-10-21,0,3.81375,0,-3.81375
,18150,CE,2021-10-21 12:40:00,32.5,2021-10-21 13:00:00,50.55,Signal Change,2021-10-21,-1353.75,2021-10-21,-1353.75,7.0384875,0,-1360.7884875
,18150,PE,2021-10-21 13:00:00,25.3,2021-10-21 13:30:00,54,Signal Change,2021-10-21,-2152.5,2021-10-21,-2152.5,6.720675,0,-2159.220675
,18100,CE,2021-10-21 13:30:00,44,2021-10-21 13:40:00,36.75,Signal Change,2021-10-21,543.75,2021-10-21,543.75,6.8435625,0,536.9064375
,18100,PE,2021-10-21 13:40:00,29.3,2021-10-21 14:05:00,31.45,Signal Change,2021-10-21,-161.25,2021-10-21,-161.25,5.1485625,0,-166.3985625
,18050,CE,2021-10-21 14:05:00,54.6,2021-10-21 14:35:00,100.7,Max SL,2021-10-21,-3457.5,2021-10-21,-3457.5,13.161675,0,-3470.661675
,18150,CE,2021-10-21 14:40:00,21.15,2021-10-21 14:50:00,11.9,Signal Change,2021-10-21,693.75,2021-10-21,693.75,2.8009875,0,690.9490125
,18150,PE,2021-10-21 14:50:00,19.7,2021-10-21 15:00:00,2.25,Signal Change,2021-10-21,1308.75,2021-10-21,1308.75,1.8602625,0,1306.8897375
,18200,CE,2021-10-21 15:00:00,5.4,2021-10-21 15:15:00,0.45,EOD,2021-10-21,371.25,2021-10-21,371.25,0.4957875,0,370.7542125
,18300,CE,2021-10-22 09:30:00,131.35,2021-10-22 09:55:00,129.4,Signal Change,2021-10-28,146.249999999999,2021-10-22,146.249999999999,22.0985625,32.87,91.2814374999992
,18250,PE,2021-10-22 09:55:00,126.4,2021-10-22 10:05:00,119.9,Signal Change,2021-10-28,487.5,2021-10-22,487.5,20.873925,0,466.626075
,18300,CE,2021-10-22 10:05:00,132.45,2021-10-22 10:30:00,128.7,Signal Change,2021-10-28,281.25,2021-10-22,281.25,22.1324625,0,259.1175375
,18250,PE,2021-10-22 10:30:00,115.3,2021-10-22 10:40:00,117.05,Signal Change,2021-10-28,-131.25,2021-10-22,-131.25,19.6916625,0,-150.9416625
,18300,CE,2021-10-22 10:40:00,127.8,2021-10-22 10:45:00,123.85,Signal Change,2021-10-28,296.25,2021-10-22,296.25,21.3273375,0,274.9226625
,18250,PE,2021-10-22 10:45:00,121.25,2021-10-22 11:00:00,127.2,Signal Change,2021-10-28,-446.25,2021-10-22,-446.25,21.0561375,0,-467.3061375
,18250,CE,2021-10-22 11:00:00,145.05,2021-10-22 15:15:00,91.1,EOD,2021-10-28,4046.25,2021-10-22,4046.25,20.0137125,0,4026.2362875
,18150,PE,2021-10-25 11:45:00,123.85,2021-10-25 15:15:00,124.25,EOD,2021-10-28,-30.0000000000004,2021-10-25,-30.0000000000004,21.026475,32.87,-83.8964750000004
,18250,PE,2021-10-26 09:55:00,95.4,2021-10-26 10:46:00,146.65,Max SL,2021-10-28,-3843.75,2021-10-26,-3843.75,20.5137375,32.87,-3897.1337375
,18150,PE,2021-10-26 10:50:00,107.25,2021-10-26 15:15:00,39.15,EOD,2021-10-28,5107.5,2021-10-26,5107.5,12.4074,0,5095.0926
,18200,CE,2021-10-27 14:40:00,82.4,2021-10-27 15:15:00,87.6,EOD,2021-10-28,-389.999999999999,2021-10-27,-389.999999999999,14.4075,32.87,-437.277499999999
,18150,CE,2021-10-28 09:30:00,46.05,2021-10-28 15:15:00,0.25,EOD,2021-10-28,3435,2021-10-28,3435,3.923925,32.87,3398.206075
,17700,CE,2021-10-29 09:30:00,198.5,2021-10-29 09:49:00,244.8,Max SL,2021-11-03,-3472.5,2021-10-29,-3472.5,37.569675,32.87,-3542.939675
,17850,CE,2021-10-29 09:50:00,158.65,2021-10-29 14:10:00,78.15,Target Hit,2021-11-03,6037.5,2021-10-29,6037.5,20.0688,0,6017.4312
,17650,CE,2021-10-29 14:15:00,162.2,2021-10-29 14:31:00,203.8,Max SL,2021-11-03,-3120,2021-10-29,-3120,31.0185,0,-3151.0185
,17750,CE,2021-10-29 14:35:00,147.3,2021-10-29 15:15:00,105.8,EOD,2021-11-03,3112.5,2021-10-29,3112.5,21.450225,0,3091.049775
,17900,PE,2021-11-01 14:05:00,68.75,2021-11-01 15:15:00,62.45,EOD,2021-11-03,472.5,2021-11-01,472.5,11.1192,32.87,428.5108
,17950,PE,2021-11-02 09:30:00,69.45,2021-11-02 10:36:00,113.65,Max SL,2021-11-03,-3315,2021-11-02,-3315,15.517725,32.87,-3363.387725
,18000,CE,2021-11-03 09:50:00,39.15,2021-11-03 14:45:00,0.8,Signal Change,2021-11-03,2876.25,2021-11-03,2876.25,3.3857625,32.87,2839.9942375
,17800,PE,2021-11-03 14:45:00,13.8,2021-11-03 14:50:00,11.85,Signal Change,2021-11-03,146.25,2021-11-03,146.25,2.1738375,0,144.0761625
,17800,CE,2021-11-03 14:50:00,22.65,2021-11-03 14:55:00,11.05,Signal Change,2021-11-03,870,2021-11-03,870,2.856075,0,867.143925
,17800,PE,2021-11-03 14:55:00,24.35,2021-11-03 15:15:00,0.65,EOD,2021-11-03,1777.5,2021-11-03,1777.5,2.11875,0,1775.38125
,18000,PE,2021-11-08 12:40:00,96,2021-11-08 15:15:00,62,EOD,2021-11-11,2550,2021-11-08,2550,13.3905,32.87,2503.7395
,18100,PE,2021-11-09 09:40:00,93.65,2021-11-09 13:36:00,149.35,Max SL,2021-11-11,-4177.5,2021-11-09,-4177.5,20.59425,32.87,-4230.96425
,17900,PE,2021-11-10 09:45:00,68.25,2021-11-10 10:25:00,58,Signal Change,2021-11-11,768.75,2021-11-10,768.75,10.6996875,32.87,725.1803125
,17950,CE,2021-11-10 10:25:00,82.85,2021-11-10 10:50:00,78.8,Signal Change,2021-11-11,303.75,2021-11-10,303.75,13.6998375,0,290.0501625
,17950,PE,2021-11-10 10:50:00,76.7,2021-11-10 10:55:00,78.2,Signal Change,2021-11-11,-112.5,2021-11-10,-112.5,13.127775,0,-125.627775
,17950,CE,2021-11-10 10:55:00,76.55,2021-11-10 13:40:00,119.9,Max SL,2021-11-11,-3251.25,2021-11-10,-3251.25,16.6491375,0,-3267.8991375
,18050,CE,2021-11-10 14:00:00,70.3,2021-11-10 15:15:00,44.8,EOD,2021-11-11,1912.5,2021-11-10,1912.5,9.754725,0,1902.745275
,17900,CE,2021-11-11 09:30:00,68.75,2021-11-11 11:30:00,28.3,Signal Change,2021-11-11,3033.75,2021-11-11,3033.75,8.2249875,32.87,2992.6550125
,17850,PE,2021-11-11 11:30:00,47.1,2021-11-11 11:35:00,46.5,Signal Change,2021-11-11,45.0000000000001,2021-11-11,45.0000000000001,7.9326,0,37.0674000000001
,17850,CE,2021-11-11 11:35:00,50.05,2021-11-11 11:55:00,56.5,Signal Change,2021-11-11,-483.75,2021-11-11,-483.75,9.0301125,0,-492.7801125
,17850,PE,2021-11-11 11:55:00,39.6,2021-11-11 12:00:00,30.4,Signal Change,2021-11-11,690,2021-11-11,690,5.9325,0,684.0675
,17900,CE,2021-11-11 12:00:00,38.1,2021-11-11 12:15:00,21.25,Signal Change,2021-11-11,1263.75,2021-11-11,1263.75,5.0299125,0,1258.7200875
,17850,PE,2021-11-11 12:15:00,46.1,2021-11-11 12:20:00,46.35,Signal Change,2021-11-11,-18.75,2021-11-11,-18.75,7.8351375,0,-26.5851375
,17850,CE,2021-11-11 12:20:00,39.4,2021-11-11 12:25:00,44.1,Signal Change,2021-11-11,-352.5,2021-11-11,-352.5,7.076625,0,-359.576625
,17850,PE,2021-11-11 12:25:00,40.7,2021-11-11 12:35:00,39.35,Signal Change,2021-11-11,101.25,2021-11-11,101.25,6.7842375,0,94.4657625000001
,17850,CE,2021-11-11 12:35:00,43.8,2021-11-11 12:40:00,37.65,Signal Change,2021-11-11,461.25,2021-11-11,461.25,6.9028875,0,454.3471125
,17850,PE,2021-11-11 12:40:00,45.35,2021-11-11 15:15:00,0.7,EOD,2021-11-11,3348.75,2021-11-11,3348.75,3.9027375,0,3344.8472625
,18000,PE,2021-11-12 09:30:00,128.05,2021-11-12 15:15:00,66.95,EOD,2021-11-18,4582.5,2021-11-12,4582.5,16.52625,32.87,4533.10375
,18150,PE,2021-11-15 09:30:00,86.05,2021-11-15 11:45:00,131.2,Max SL,2021-11-18,-3386.25,2021-11-15,-3386.25,18.4119375,32.87,-3437.5319375
,18100,CE,2021-11-15 12:00:00,121.6,2021-11-15 15:15:00,120,EOD,2021-11-18,120,2021-11-15,120,20.4756,0,99.5243999999996
,18000,CE,2021-11-16 14:40:00,96.5,2021-11-16 15:15:00,90.35,EOD,2021-11-18,461.25,2021-11-16,461.25,15.8355375,32.87,412.5444625
,17950,CE,2021-11-17 09:30:00,84.7,2021-11-17 15:15:00,34.05,EOD,2021-11-18,3798.75,2021-11-17,3798.75,10.0640625,32.87,3755.8159375
,17850,CE,2021-11-18 09:30:00,70.85,2021-11-18 15:15:00,0.15,EOD,2021-11-18,5302.5,2021-11-18,5302.5,6.01725,32.87,5263.61275
,17650,CE,2021-11-22 09:35:00,141,2021-11-22 12:20:00,57.75,Target Hit,2021-11-25,6243.75,2021-11-22,6243.75,16.8440625,32.87,6194.0359375
,17400,CE,2021-11-22 12:25:00,157.95,2021-11-22 15:10:00,142.25,Trailing SL,2021-11-25,1177.5,2021-11-22,1177.5,25.44195,0,1152.05805
,17400,CE,2021-11-22 15:15:00,132.1,2021-11-23 09:30:00,96.35,Signal Change,2021-11-25,2681.25,2021-11-23,2681.25,19.3611375,32.87,2629.0188625
,17350,PE,2021-11-23 09:30:00,110.7,2021-11-23 14:33:00,30.25,Target Hit,2021-11-25,6033.75,2021-11-23,6033.75,11.9455125,0,6021.8044875
,17550,PE,2021-11-23 14:35:00,100.05,2021-11-23 15:15:00,108.6,EOD,2021-11-25,-641.25,2021-11-23,-641.25,17.6830875,0,-658.9330875
,17500,CE,2021-11-24 14:30:00,67,2021-11-24 15:15:00,22.4,EOD,2021-11-25,3345,2021-11-24,3345,7.57665,32.87,3304.55335
,17400,CE,2021-11-25 09:30:00,48.25,2021-11-25 10:25:00,45,Signal Change,2021-11-25,243.75,2021-11-25,243.75,7.9029375,32.87,202.9770625
,17400,PE,2021-11-25 10:25:00,53.8,2021-11-25 10:50:00,49.5,Signal Change,2021-11-25,322.5,2021-11-25,322.5,8.754675,0,313.745325
,17400,CE,2021-11-25 10:50:00,50.5,2021-11-25 10:55:00,56.9,Signal Change,2021-11-25,-480,2021-11-25,-480,9.10215,0,-489.10215
,17400,PE,2021-11-25 10:55:00,41.9,2021-11-25 11:30:00,22,Signal Change,2021-11-25,1492.5,2021-11-25,1492.5,5.415525,0,1487.084475
,17500,CE,2021-11-25 11:30:00,39.35,2021-11-25 15:15:00,27.85,EOD,2021-11-25,862.5,2021-11-25,862.5,5.6952,0,856.8048
,17300,CE,2021-11-26 09:30:00,147.6,2021-11-26 14:41:00,66.95,Target Hit,2021-12-02,6048.75,2021-11-26,6048.75,18.1831125,32.87,5997.6968875
,17100,CE,2021-11-26 14:45:00,168,2021-11-26 15:15:00,131.8,EOD,2021-12-02,2715,2021-11-26,2715,25.40805,0,2689.59195
,16950,CE,2021-11-29 09:30:00,192.35,2021-11-29 09:36:00,235.8,Max SL,2021-12-02,-3258.75,2021-11-29,-3258.75,36.2857125,32.87,-3327.9057125
,16950,CE,2021-11-29 09:40:00,196.05,2021-11-29 09:45:00,197.8,Signal Change,2021-12-02,-131.25,2021-11-29,-131.25,33.3787875,0,-164.6287875
,17000,PE,2021-11-29 09:45:00,173.6,2021-11-29 09:50:00,153.5,Signal Change,2021-12-02,1507.5,2021-11-29,1507.5,27.721725,0,1479.778275
,17000,CE,2021-11-29 09:50:00,190.6,2021-11-29 11:18:00,236,Max SL,2021-12-02,-3405,2021-11-29,-3405,36.15435,0,-3441.15435
,17200,PE,2021-11-30 09:30:00,120.35,2021-11-30 10:20:00,87.9,Signal Change,2021-12-02,2433.75,2021-11-30,2433.75,17.6491875,32.87,2383.2308125
,17250,CE,2021-11-30 10:20:00,114.3,2021-11-30 10:30:00,144.5,Signal Change,2021-12-02,-2265,2021-11-30,-2265,21.9333,0,-2286.9333
,17300,PE,2021-11-30 10:30:00,104.55,2021-11-30 10:35:00,102.15,Signal Change,2021-12-02,179.999999999999,2021-11-30,179.999999999999,17.517825,0,162.482174999999
,17300,CE,2021-11-30 10:35:00,116.8,2021-11-30 11:15:00,46.95,Signal Change,2021-12-02,5238.75,2021-11-30,5238.75,13.8778125,0,5224.8721875
,17150,PE,2021-11-30 11:15:00,123.4,2021-11-30 11:33:00,169.5,Max SL,2021-12-02,-3457.5,2021-11-30,-3457.5,24.823275,0,-3482.323275
,17050,PE,2021-11-30 11:35:00,127.6,2021-11-30 11:50:00,128.05,Signal Change,2021-12-02,-33.7500000000013,2021-11-30,-33.7500000000013,21.6663375,0,-55.4163375000013
,17050,CE,2021-11-30 11:50:00,126.25,2021-11-30 12:00:00,141.65,Signal Change,2021-12-02,-1155,2021-11-30,-1155,22.704525,0,-1177.704525
,17100,PE,2021-11-30 12:00:00,128.7,2021-11-30 12:05:00,130.95,Signal Change,2021-12-02,-168.75,2021-11-30,-168.75,22.0053375,0,-190.7553375
,17100,CE,2021-11-30 12:05:00,112.8,2021-11-30 14:01:00,154.85,Max SL,2021-12-02,-3153.75,2021-11-30,-3153.75,22.6833375,0,-3176.4333375
,17200,PE,2021-12-01 09:30:00,105.15,2021-12-01 09:55:00,128.2,Signal Change,2021-12-02,-1728.75,2021-12-01,-1728.75,19.7764125,32.87,-1781.3964125
,17150,CE,2021-12-01 09:55:00,95.45,2021-12-01 14:00:00,81,Signal Change,2021-12-02,1083.75,2021-12-01,1083.75,14.9541375,0,1068.7958625
,17100,PE,2021-12-01 14:00:00,66.25,2021-12-01 15:15:00,35.7,EOD,2021-12-02,2291.25,2021-12-01,2291.25,8.6402625,0,2282.6097375
,17300,PE,2021-12-02 10:50:00,56.8,2021-12-02 15:15:00,0.1,EOD,2021-12-02,4252.5,2021-12-02,4252.5,4.822275,32.87,4214.807725
,17450,CE,2021-12-03 09:30:00,157.8,2021-12-03 12:49:00,74.85,Target Hit,2021-12-09,6221.25,2021-12-03,6221.25,19.7170875,32.87,6168.6629125
,17300,CE,2021-12-03 13:05:00,153.5,2021-12-03 15:15:00,101,EOD,2021-12-09,3937.5,2021-12-03,3937.5,21.568875,0,3915.931125
,17150,CE,2021-12-06 09:30:00,162.05,2021-12-06 12:50:00,97.2,Signal Change,2021-12-09,4863.75,2021-12-06,4863.75,21.9714375,32.87,4808.9085625
,17050,PE,2021-12-06 12:50:00,121.8,2021-12-06 12:55:00,120.05,Signal Change,2021-12-09,131.25,2021-12-06,131.25,20.4967875,0,110.7532125
,17050,CE,2021-12-06 12:55:00,148.45,2021-12-06 14:25:00,107,Signal Change,2021-12-09,3108.75,2021-12-06,3108.75,21.6493875,0,3087.1006125
,17000,PE,2021-12-06 14:25:00,124.25,2021-12-06 15:04:00,166.4,Max SL,2021-12-09,-3161.25,2021-12-06,-3161.25,24.6325875,0,-3185.8825875
,16950,PE,2021-12-06 15:05:00,133.3,2021-12-06 15:15:00,141.7,EOD,2021-12-09,-629.999999999998,2021-12-06,-629.999999999998,23.30625,0,-653.306249999998
,17050,PE,2021-12-07 09:30:00,137.45,2021-12-07 11:46:00,55.95,Target Hit,2021-12-09,6112.5,2021-12-07,6112.5,16.39065,32.87,6063.23935
,17150,PE,2021-12-07 11:50:00,94.3,2021-12-07 15:15:00,80.4,EOD,2021-12-09,1042.5,2021-12-07,1042.5,14.805825,0,1027.694175
,17350,PE,2021-12-08 09:30:00,66.85,2021-12-08 15:15:00,20.85,EOD,2021-12-09,3450,2021-12-08,3450,7.432575,32.87,3409.697425
,17500,PE,2021-12-09 13:00:00,20.9,2021-12-09 15:15:00,0.45,EOD,2021-12-09,1533.75,2021-12-09,1533.75,1.8094125,32.87,1499.0705875
,17500,CE,2021-12-10 15:00:00,118.9,2021-12-10 15:15:00,146.65,EOD,2021-12-16,-2081.25,2021-12-10,-2081.25,22.5053625,32.87,-2136.6253625
,17650,CE,2021-12-13 09:30:00,105.55,2021-12-13 15:15:00,32,EOD,2021-12-16,5516.25,2021-12-13,5516.25,11.6573625,32.87,5471.7226375
,17350,CE,2021-12-14 09:30:00,89.45,2021-12-14 15:15:00,84.4,EOD,2021-12-16,378.75,2021-12-14,378.75,14.7337875,32.87,331.1462125
,17200,CE,2021-12-15 11:00:00,92.95,2021-12-15 14:11:00,136.65,Max SL,2021-12-16,-3277.5,2021-12-15,-3277.5,19.4586,32.87,-3329.8286
,17300,PE,2021-12-16 09:30:00,41.15,2021-12-16 09:50:00,53.75,Signal Change,2021-12-16,-945,2021-12-16,-945,8.042775,32.87,-985.912775
,17300,CE,2021-12-16 09:50:00,48.5,2021-12-16 15:15:00,0.2,EOD,2021-12-16,3622.5,2021-12-16,3622.5,4.127325,0,3618.372675
,17150,CE,2021-12-17 09:50:00,136.9,2021-12-17 15:15:00,80.25,EOD,2021-12-23,4248.75,2021-12-17,4248.75,18.4034625,32.87,4197.4765375
,16650,CE,2021-12-20 09:30:00,182.15,2021-12-20 11:34:00,99.55,Target Hit,2021-12-23,6195,2021-12-20,6195,23.874075,32.87,6138.255925
,16550,CE,2021-12-20 11:35:00,149.45,2021-12-20 12:10:00,145.2,Signal Change,2021-12-23,318.75,2021-12-20,318.75,24.9715875,0,293.7784125
,16550,PE,2021-12-20 12:10:00,132.7,2021-12-20 12:36:00,181.35,Max SL,2021-12-23,-3648.75,2021-12-20,-3648.75,26.6157375,0,-3675.3657375
,16500,PE,2021-12-20 12:40:00,159,2021-12-20 12:58:00,200.45,Max SL,2021-12-23,-3108.75,2021-12-20,-3108.75,30.4633875,0,-3139.2133875
,16450,PE,2021-12-20 13:00:00,168.05,2021-12-20 15:01:00,85.05,Target Hit,2021-12-23,6225,2021-12-20,6225,21.450225,0,6203.549775
,16750,PE,2021-12-21 09:30:00,104.25,2021-12-21 14:08:00,89.75,Trailing SL,2021-12-23,1087.5,2021-12-21,1087.5,16.4415,32.87,1038.1885
,16800,PE,2021-12-21 14:10:00,108.15,2021-12-21 14:25:00,132.7,Signal Change,2021-12-23,-1841.25,2021-12-21,-1841.25,20.4120375,0,-1861.6620375
,16750,CE,2021-12-21 14:25:00,101.4,2021-12-21 14:35:00,89.1,Signal Change,2021-12-23,922.500000000001,2021-12-21,922.500000000001,16.144875,0,906.355125000001
,16700,PE,2021-12-21 14:35:00,106.4,2021-12-21 14:45:00,81.1,Signal Change,2021-12-23,1897.5,2021-12-21,1897.5,15.890625,0,1881.609375
,16750,CE,2021-12-21 14:45:00,105.05,2021-12-21 15:00:00,130.25,Signal Change,2021-12-23,-1890,2021-12-21,-1890,19.941675,0,-1909.941675
,16750,PE,2021-12-21 15:00:00,82.45,2021-12-21 15:10:00,89.3,Signal Change,2021-12-23,-513.75,2021-12-21,-513.75,14.5558125,0,-528.3058125
,16800,CE,2021-12-21 15:10:00,94.85,2021-12-21 15:15:00,99,EOD,2021-12-23,-311.25,2021-12-21,-311.25,16.4287875,0,-327.6787875
,16850,CE,2021-12-22 09:30:00,102.3,2021-12-22 10:00:00,113.15,Signal Change,2021-12-23,-813.750000000001,2021-12-22,-813.750000000001,18.2593875,32.87,-864.879387500001
,16900,PE,2021-12-22 10:00:00,85.35,2021-12-22 10:40:00,126.9,Max SL,2021-12-23,-3116.25,2021-12-22,-3116.25,17.9881875,0,-3134.2381875
,17050,PE,2021-12-23 09:30:00,40.55,2021-12-23 12:15:00,20.2,Signal Change,2021-12-23,1526.25,2021-12-23,1526.25,5.1485625,32.87,1488.2314375
,17050,CE,2021-12-23 12:15:00,41.7,2021-12-23 15:15:00,35.75,EOD,2021-12-23,446.25,2021-12-23,446.25,6.5638875,0,439.6861125
,16900,CE,2021-12-24 10:40:00,159.85,2021-12-24 13:46:00,204.4,Max SL,2021-12-30,-3341.25,2021-12-24,-3341.25,30.8701875,32.87,-3404.9901875
,17050,PE,2021-12-24 14:20:00,118.8,2021-12-24 15:07:00,161.55,Max SL,2021-12-30,-3206.25,2021-12-24,-3206.25,23.7596625,0,-3230.0096625
,17000,PE,2021-12-24 15:10:00,135.85,2021-12-24 15:15:00,127.4,EOD,2021-12-30,633.749999999999,2021-12-24,633.749999999999,22.3104375,0,611.439562499999
,16950,PE,2021-12-27 09:30:00,134.35,2021-12-27 15:15:00,62.95,EOD,2021-12-30,5355,2021-12-27,5355,16.721175,32.87,5305.408825
,17200,PE,2021-12-28 09:35:00,92.35,2021-12-28 15:00:00,79.7,Signal Change,2021-12-30,948.749999999999,2021-12-28,948.749999999999,14.5812375,32.87,901.298762499999
,17200,CE,2021-12-28 15:00:00,92.15,2021-12-28 15:15:00,109.6,EOD,2021-12-30,-1308.75,2021-12-28,-1308.75,17.0983125,0,-1325.8483125
,17250,PE,2021-12-29 10:55:00,70.75,2021-12-29 11:05:00,80.05,Signal Change,2021-12-30,-697.5,2021-12-29,-697.5,12.7803,32.87,-743.1503
,17200,CE,2021-12-29 11:05:00,83.25,2021-12-29 11:15:00,84.3,Signal Change,2021-12-30,-78.7499999999998,2021-12-29,-78.7499999999998,14.1998625,0,-92.9498624999998
,17200,PE,2021-12-29 11:15:00,56.65,2021-12-29 11:20:00,51.45,Signal Change,2021-12-30,390,2021-12-29,390,9.161475,0,380.838525
,17250,CE,2021-12-29 11:20:00,59.95,2021-12-29 11:25:00,59.5,Signal Change,2021-12-30,33.7500000000002,2021-12-29,33.7500000000002,10.1233875,0,23.6266125000002
,17250,PE,2021-12-29 11:25:00,73.5,2021-12-29 11:30:00,75.1,Signal Change,2021-12-30,-120,2021-12-29,-120,12.59385,0,-132.59385
,17250,CE,2021-12-29 11:30:00,58.1,2021-12-29 11:40:00,54.95,Signal Change,2021-12-30,236.25,2021-12-29,236.25,9.5809875,0,226.6690125
,17200,PE,2021-12-29 11:40:00,55.8,2021-12-29 13:10:00,52.3,Signal Change,2021-12-30,262.5,2021-12-29,262.5,9.161475,0,253.338525
,17200,CE,2021-12-29 13:10:00,76.65,2021-12-29 15:15:00,74.5,EOD,2021-12-30,161.25,2021-12-29,161.25,12.8099625,0,148.4400375
,17200,PE,2021-12-30 09:30:00,40.05,2021-12-30 09:55:00,27.6,Signal Change,2021-12-30,933.75,2021-12-30,933.75,5.7333375,32.87,895.1466625
,17250,CE,2021-12-30 09:55:00,26.2,2021-12-30 10:05:00,28.35,Signal Change,2021-12-30,-161.25,2021-12-30,-161.25,4.6231125,0,-165.8731125
,17250,PE,2021-12-30 10:05:00,43.65,2021-12-30 10:10:00,43,Signal Change,2021-12-30,48.7499999999999,2021-12-30,48.7499999999999,7.3435875,0,41.4064124999999
,17250,CE,2021-12-30 10:10:00,28.6,2021-12-30 14:55:00,1.75,Signal Change,2021-12-30,2013.75,2021-12-30,2013.75,2.5721625,0,2011.1778375
,17200,PE,2021-12-30 14:55:00,11.2,2021-12-30 15:15:00,1.35,EOD,2021-12-30,738.75,2021-12-30,738.75,1.0636125,0,737.6863875
,17300,PE,2021-12-31 09:30:00,130,2021-12-31 15:15:00,96.3,EOD,2022-01-06,2527.5,2021-12-31,2527.5,19.178925,32.87,2475.451075
,17450,PE,2022-01-03 09:30:00,99.45,2022-01-03 15:15:00,44.55,EOD,2022-01-06,4117.5,2022-01-03,4117.5,12.204,32.87,4072.426
,17700,PE,2022-01-04 09:30:00,100.75,2022-01-04 09:40:00,145.8,Max SL,2022-01-06,-3378.75,2022-01-04,-3378.75,20.8951125,32.87,-3432.5151125
,17650,PE,2022-01-04 09:45:00,91.15,2022-01-04 15:15:00,29.8,EOD,2022-01-06,4601.25,2022-01-04,4601.25,10.2505125,0,4590.9994875
,17800,PE,2022-01-05 09:30:00,65.85,2022-01-05 13:05:00,29,Signal Change,2022-01-06,2763.75,2022-01-05,2763.75,8.0385375,32.87,2722.8414625
,17900,CE,2022-01-05 13:05:00,69.5,2022-01-05 15:15:00,73.55,EOD,2022-01-06,-303.75,2022-01-05,-303.75,12.1234875,0,-315.8734875
,17700,CE,2022-01-06 09:35:00,45,2022-01-06 11:30:00,33.5,Signal Change,2022-01-06,862.5,2022-01-06,862.5,6.652875,32.87,822.977125
,17700,PE,2022-01-06 11:30:00,36.75,2022-01-06 15:15:00,0.25,EOD,2022-01-06,2737.5,2022-01-06,2737.5,3.13575,0,2734.36425
,17850,PE,2022-01-07 09:35:00,129.35,2022-01-07 11:51:00,170.35,Max SL,2022-01-13,-3075,2022-01-07,-3075,25.399575,32.87,-3133.269575
,17800,PE,2022-01-07 11:55:00,147.65,2022-01-07 12:47:00,189.75,Max SL,2022-01-13,-3157.5,2022-01-07,-3157.5,28.59465,0,-3186.09465
,17750,PE,2022-01-07 12:50:00,149.15,2022-01-07 15:15:00,107.7,EOD,2022-01-13,3108.75,2022-01-07,3108.75,21.7680375,0,3086.9819625
,17900,PE,2022-01-10 09:30:00,131.85,2022-01-10 15:15:00,64.85,EOD,2022-01-13,5025,2022-01-10,5025,16.670325,32.87,4975.459675
,18050,PE,2022-01-11 09:30:00,116.25,2022-01-11 15:15:00,85.45,EOD,2022-01-13,2310,2022-01-11,2310,17.094075,32.87,2260.035925
,18150,PE,2022-01-12 09:40:00,68.25,2022-01-12 15:15:00,31.9,EOD,2022-01-13,2726.25,2022-01-12,2726.25,8.4877125,32.87,2684.8922875
,18250,PE,2022-01-13 09:50:00,32.9,2022-01-13 10:38:00,73.8,Max SL,2022-01-13,-3067.5,2022-01-13,-3067.5,9.042825,32.87,-3109.412825
,18150,PE,2022-01-14 09:30:00,120,2022-01-14 15:15:00,75.85,EOD,2022-01-20,3311.25,2022-01-14,3311.25,16.5982875,32.87,3261.7817125
,18250,PE,2022-01-17 09:30:00,106,2022-01-17 11:40:00,83.15,Signal Change,2022-01-20,1713.75,2022-01-17,1713.75,16.0304625,32.87,1664.8495375
,18300,CE,2022-01-17 11:40:00,106.5,2022-01-17 11:45:00,105.4,Signal Change,2022-01-20,82.4999999999996,2022-01-17,82.4999999999996,17.958525,0,64.5414749999996
,18300,PE,2022-01-17 11:45:00,105.35,2022-01-17 11:55:00,100.3,Signal Change,2022-01-20,378.75,2022-01-17,378.75,17.4288375,0,361.3211625
,18300,CE,2022-01-17 11:55:00,110.05,2022-01-17 15:15:00,114,EOD,2022-01-20,-296.25,2022-01-17,-296.25,18.9882375,0,-315.2382375
,18250,CE,2022-01-18 10:05:00,90.7,2022-01-18 15:15:00,39.9,EOD,2022-01-20,3810,2022-01-18,3810,11.06835,32.87,3766.06165
,18050,CE,2022-01-19 09:30:00,97.95,2022-01-19 15:15:00,21.4,EOD,2022-01-20,5741.25,2022-01-19,5741.25,10.1149125,32.87,5698.2650875
,17850,CE,2022-01-20 10:15:00,39.6,2022-01-20 15:15:00,0.1,EOD,2022-01-20,2962.5,2022-01-20,2962.5,3.364575,32.87,2926.265425
,17600,CE,2022-01-21 09:30:00,152.1,2022-01-21 09:49:00,193.55,Max SL,2022-01-27,-3108.75,2022-01-21,-3108.75,29.2938375,32.87,-3170.9138375
,17650,CE,2022-01-21 09:50:00,165.45,2022-01-21 15:10:00,137,Trailing SL,2022-01-27,2133.75,2022-01-21,2133.75,25.6326375,0,2108.1173625
,17450,CE,2022-01-24 09:40:00,137.95,2022-01-24 13:58:00,56.2,Target Hit,2022-01-27,6131.25,2022-01-24,6131.25,16.4542125,32.87,6081.9257875
,17150,CE,2022-01-24 14:00:00,163.2,2022-01-24 15:01:00,163.85,Trailing SL,2022-01-27,-48.7500000000004,2022-01-24,-48.7500000000004,27.7174875,0,-76.4674875000004
,17100,CE,2022-01-24 15:05:00,185.5,2022-01-24 15:15:00,203.8,EOD,2022-01-27,-1372.5,2022-01-24,-1372.5,32.993175,0,-1405.493175
,17000,CE,2022-01-25 09:30:00,157.15,2022-01-25 09:40:00,211.45,Max SL,2022-01-27,-4072.5,2022-01-25,-4072.5,31.23885,32.87,-4136.60885
,17150,CE,2022-01-25 09:45:00,133.1,2022-01-25 09:55:00,129,Signal Change,2022-01-27,307.5,2022-01-25,307.5,22.212975,0,285.287025
,17150,PE,2022-01-25 09:55:00,164.55,2022-01-25 10:12:00,206.3,Max SL,2022-01-27,-3131.25,2022-01-25,-3131.25,31.4295375,0,-3162.6795375
,17300,CE,2022-01-25 14:55:00,103.4,2022-01-25 15:15:00,94.2,EOD,2022-01-27,690,2022-01-25,690,16.7466,0,673.2534
,17000,CE,2022-01-27 09:30:00,82.2,2022-01-27 10:25:00,39.55,Signal Change,2022-01-27,3198.75,2022-01-27,3198.75,10.3183125,32.87,3155.5616875
,16950,PE,2022-01-27 10:25:00,57,2022-01-27 10:30:00,51.6,Signal Change,2022-01-27,405,2022-01-27,405,9.20385,0,395.79615
,17000,CE,2022-01-27 10:30:00,40.05,2022-01-27 11:15:00,37.15,Signal Change,2022-01-27,217.5,2022-01-27,217.5,6.5427,0,210.9573
,16950,PE,2022-01-27 11:15:00,46.75,2022-01-27 11:20:00,50.95,Signal Change,2022-01-27,-315,2022-01-27,-315,8.280075,0,-323.280075
,16950,CE,2022-01-27 11:20:00,56.45,2022-01-27 11:25:00,53.95,Signal Change,2022-01-27,187.5,2022-01-27,187.5,9.3564,0,178.1436
,16950,PE,2022-01-27 11:25:00,51.95,2022-01-27 12:15:00,93.65,Max SL,2022-01-27,-3127.5,2022-01-27,-3127.5,12.3396,0,-3139.8396
,16850,PE,2022-01-27 12:20:00,40.35,2022-01-27 15:15:00,0.1,EOD,2022-01-27,3018.75,2022-01-27,3018.75,3.4281375,0,3015.3218625
,17300,PE,2022-01-28 09:30:00,268.35,2022-01-28 10:41:00,254.8,Trailing SL,2022-02-03,1016.25,2022-01-28,1016.25,44.3369625,32.87,939.043037500001
,17300,PE,2022-01-28 10:45:00,242.3,2022-01-28 13:53:00,284.5,Max SL,2022-02-03,-3165,2022-01-28,-3165,44.6463,0,-3209.6463
,17200,PE,2022-01-28 14:00:00,225.2,2022-01-28 14:07:00,272.1,Max SL,2022-02-03,-3517.5,2022-01-28,-3517.5,42.146175,0,-3559.646175
,17150,PE,2022-01-28 14:10:00,255.45,2022-01-28 15:15:00,274.05,EOD,2022-02-03,-1395,2022-01-28,-1395,44.875125,0,-1439.875125
,17300,CE,2022-01-31 09:30:00,242.95,2022-01-31 09:35:00,246.85,Signal Change,2022-02-03,-292.5,2022-01-31,-292.5,41.51055,32.87,-366.880550000001
,17350,PE,2022-01-31 09:35:00,245.85,2022-01-31 15:15:00,236.5,EOD,2022-02-03,701.25,2022-01-31,701.25,40.8791625,0,660.3708375
,17500,PE,2022-02-01 09:30:00,217.4,2022-02-01 12:56:00,134,Target Hit,2022-02-03,6255,2022-02-01,6255,29.78115,32.87,6192.34885
,17400,PE,2022-02-01 13:10:00,156.35,2022-02-01 13:13:00,209.9,Max SL,2022-02-03,-4016.25,2022-02-01,-4016.25,31.0396875,0,-4047.2896875
,17300,PE,2022-02-01 13:15:00,185.2,2022-02-01 13:28:00,103.8,Target Hit,2022-02-03,6105,2022-02-01,6105,24.49275,0,6080.50725
,17450,PE,2022-02-01 13:30:00,168.3,2022-02-01 14:25:00,84.55,Target Hit,2022-02-03,6281.25,2022-02-01,6281.25,21.4290375,0,6259.8209625
,17600,PE,2022-02-01 14:30:00,155.1,2022-02-01 15:15:00,156.15,EOD,2022-02-03,-78.7500000000009,2022-02-01,-78.7500000000009,26.3784375,0,-105.128437500001
,17700,CE,2022-02-03 09:45:00,50.25,2022-02-03 15:15:00,0.15,EOD,2022-02-03,3757.5,2022-02-03,3757.5,4.2714,32.87,3720.3586
,17600,CE,2022-02-04 09:30:00,150.9,2022-02-04 15:15:00,112.8,EOD,2022-02-10,2857.5,2022-02-04,2857.5,22.348575,32.87,2802.281425
,17450,CE,2022-02-07 09:40:00,121.05,2022-02-07 14:44:00,39.25,Target Hit,2022-02-10,6135,2022-02-07,6135,13.585425,32.87,6088.544575
,17150,CE,2022-02-07 14:45:00,147.25,2022-02-07 15:15:00,169.85,EOD,2022-02-10,-1695,2022-02-07,-1695,26.874225,0,-1721.874225
,17250,CE,2022-02-08 09:30:00,115.15,2022-02-08 10:55:00,50.95,Signal Change,2022-02-10,4815,2022-02-08,4815,14.076975,32.87,4768.053025
,17050,PE,2022-02-08 10:55:00,117,2022-02-08 13:09:00,77.55,Trailing SL,2022-02-10,2958.75,2022-02-08,2958.75,16.4881125,0,2942.2618875
,17400,PE,2022-02-09 09:30:00,74.35,2022-02-09 15:15:00,30.3,EOD,2022-02-10,3303.75,2022-02-09,3303.75,8.8690875,32.87,3262.0109125
,17550,PE,2022-02-10 10:55:00,24.3,2022-02-10 11:15:00,24.6,Signal Change,2022-02-10,-22.5000000000001,2022-02-10,-22.5000000000001,4.144275,32.87,-59.5142750000001
,17600,CE,2022-02-10 11:15:00,27.8,2022-02-10 15:15:00,8.9,EOD,2022-02-10,1417.5,2022-02-10,1417.5,3.110325,0,1414.389675
,17400,CE,2022-02-11 09:30:00,153.85,2022-02-11 12:45:00,145.4,Trailing SL,2022-02-17,633.749999999999,2022-02-11,633.749999999999,25.3614375,32.87,575.518562499999
,17400,CE,2022-02-11 12:50:00,140.2,2022-02-11 15:15:00,132.35,EOD,2022-02-17,588.75,2022-02-11,588.75,23.0986125,0,565.6513875
,17000,CE,2022-02-14 09:30:00,187.45,2022-02-14 14:15:00,131.5,Signal Change,2022-02-17,4196.25,2022-02-14,4196.25,27.0310125,32.87,4136.3489875
,16950,PE,2022-02-14 14:15:00,185.9,2022-02-14 15:08:00,226.75,Max SL,2022-02-17,-3063.75,2022-02-14,-3063.75,34.9720875,0,-3098.7220875
,16850,PE,2022-02-14 15:10:00,169.8,2022-02-14 15:15:00,179.55,EOD,2022-02-17,-731.25,2022-02-14,-731.25,29.6074125,0,-760.8574125
,16950,PE,2022-02-15 09:30:00,154.4,2022-02-15 10:03:00,197.05,Max SL,2022-02-17,-3198.75,2022-02-15,-3198.75,29.7853875,32.87,-3261.4053875
,16850,PE,2022-02-15 10:05:00,145.8,2022-02-15 12:10:00,65.6,Target Hit,2022-02-17,6015,2022-02-15,6015,17.91615,0,5997.08385
,17100,PE,2022-02-15 12:15:00,155.25,2022-02-15 14:01:00,73.75,Target Hit,2022-02-17,6112.5,2022-02-15,6112.5,19.40775,0,6093.09225
,17250,PE,2022-02-15 14:05:00,126.95,2022-02-15 15:15:00,76.95,EOD,2022-02-17,3750,2022-02-15,3750,17.280525,0,3732.719475
,17400,PE,2022-02-16 09:30:00,103.95,2022-02-16 09:55:00,150.65,Max SL,2022-02-17,-3502.5,2022-02-16,-3502.5,21.57735,32.87,-3556.94735
,17350,PE,2022-02-16 10:00:00,106.8,2022-02-16 11:04:00,147.85,Max SL,2022-02-17,-3078.75,2022-02-16,-3078.75,21.5815875,0,-3100.3315875
,17450,PE,2022-02-16 14:10:00,60.05,2022-02-16 14:41:00,120.2,Max SL,2022-02-17,-4511.25,2022-02-16,-4511.25,15.2761875,0,-4526.5261875
,17350,PE,2022-02-16 15:00:00,77.3,2022-02-16 15:15:00,89.1,EOD,2022-02-17,-885,2022-02-16,-885,14.1024,0,-899.1024
,17350,PE,2022-02-17 09:30:00,55.25,2022-02-17 09:38:00,96.6,Max SL,2022-02-17,-3101.25,2022-02-17,-3101.25,12.8692875,32.87,-3146.9892875
,17300,CE,2022-02-17 09:40:00,72.55,2022-02-17 12:12:00,113.7,Max SL,2022-02-17,-3086.25,2022-02-17,-3086.25,15.7846875,0,-3102.0346875
